sku,meta:_sku,post_title,post_status,post_type,Type: product_type,tax:product_type,tax:product_cat,tax:product_tag,regular_price,sale_price,meta:_price,manage_stock,stock_status,images,attribute:pa_style,attribute_default:pa_style,attribute_data:pa_style,attribute:pa_sex,attribute_default:pa_sex,attribute_data:pa_sex,attribute:pa_color,attribute_default:pa_color,attribute_data:pa_color,attribute:pa_size,attribute_default:pa_size,attribute_data:pa_size,attribute:pa_material,attribute_data:pa_material,attribute:pa_print,attribute_data:pa_print,attribute:pa_wash,attribute_data:pa_wash,attribute:pa_default_style,attribute_data:pa_default_style,meta:_wc_average_rating,meta:_wc_rating_count,meta:_wc_review_count,meta:_stock_status,post_content,post_excerpt
ART-0697-HD,ART-0697-HD,قبل و بعد آرایش,publish,product,product,variable,تفریح و فان>فان,#قبل_و_بعد|#دونات,120000,,120000,no,instock,ART-0697-HD-color8.jpg|ART-0697-HD-color2.jpg|ART-0697-HD-color5.jpg|ART-0697-HD-color9.jpg|ART-0697-HD-color10.jpg|ART-0697-TS-color1.jpg|ART-0697-TS-color1-men.jpg|ART-0697-TS-color1-women.jpg|ART-0697-TS-color2.jpg|ART-0697-TS-color2-men.jpg|ART-0697-TS-color2-women.jpg|ART-0697-TS-color3.jpg|ART-0697-TS-color3-men.jpg|ART-0697-TS-color3-women.jpg|ART-0697-TS-color4.jpg|ART-0697-TS-color4-men.jpg|ART-0697-TS-color4-women.jpg|ART-0697-TS-color5.jpg|ART-0697-TS-color5-men.jpg|ART-0697-TS-color5-women.jpg|ART-0697-TS-color6.jpg|ART-0697-TS-color6-men.jpg|ART-0697-TS-color6-women.jpg|ART-0697-TS-color7.jpg|ART-0697-TS-color7-men.jpg|ART-0697-TS-color7-women.jpg,تیشرت|هودی,هودی,1|1|1,خانم‌ها|آقایان,خانم‌ها,2|1|1,ملانژ|مشکی|زرشکی|نارنجی|سرمه‌ای|سفید|خاکستری|آبی|زرد|سبز خاکی,ملانژ,3|1|1,M|L|XL|2XL|3XL,L,4|1|1,۱۰۰ درصد نخ پنبه,5|1|0,چاپ دیجیتال با دوام جوهرافشان با استفاده از تکنولوژی مدرن DTG,6|1|0,جهت شست و شو لباس را پشت و رو کرده و با آب زیر ۴۰ درجه بشویید، ترجیحا از پودر صابون جهت شست‌ و شو استفاده کنید,7|1|0,هودی,8|1|0,4.8,7,7,instock,<img src='https://artshirt.ir/wp-content/uploads/sizechart/TS-Size-Chart.jpg' style='display: block;margin-left: auto;margin-right: auto;'/>,<ul><li><span style='font-size: 12px; color: #808080;'>جنس ۱۰۰ درصد نخ پنبه</span></li><li><span style='font-size: 12px; color: #808080;'>چاپ دیجیتال با دوام با استفاده از تکنولوژی مدرن DTG</span></li></ul>
ART-0698-HD,ART-0698-HD,قبل و بعد سلفی,publish,product,product,variable,تفریح و فان>فان,#قبل_و_بعد|#ماه,120000,,120000,no,instock,ART-0698-HD-color2.jpg|ART-0698-HD-color8.jpg|ART-0698-HD-color5.jpg|ART-0698-HD-color9.jpg|ART-0698-HD-color10.jpg|ART-0698-TS-color1.jpg|ART-0698-TS-color1-men.jpg|ART-0698-TS-color1-women.jpg|ART-0698-TS-color2.jpg|ART-0698-TS-color2-men.jpg|ART-0698-TS-color2-women.jpg|ART-0698-TS-color3.jpg|ART-0698-TS-color3-men.jpg|ART-0698-TS-color3-women.jpg|ART-0698-TS-color4.jpg|ART-0698-TS-color4-men.jpg|ART-0698-TS-color4-women.jpg|ART-0698-TS-color5.jpg|ART-0698-TS-color5-men.jpg|ART-0698-TS-color5-women.jpg|ART-0698-TS-color6.jpg|ART-0698-TS-color6-men.jpg|ART-0698-TS-color6-women.jpg|ART-0698-TS-color7.jpg|ART-0698-TS-color7-men.jpg|ART-0698-TS-color7-women.jpg,تیشرت|هودی,هودی,1|1|1,خانم‌ها|آقایان,خانم‌ها,2|1|1,ملانژ|مشکی|زرشکی|نارنجی|سرمه‌ای|سفید|خاکستری|آبی|زرد|سبز خاکی,مشکی,3|1|1,M|L|XL|2XL|3XL,L,4|1|1,۱۰۰ درصد نخ پنبه,5|1|0,چاپ دیجیتال با دوام جوهرافشان با استفاده از تکنولوژی مدرن DTG,6|1|0,جهت شست و شو لباس را پشت و رو کرده و با آب زیر ۴۰ درجه بشویید، ترجیحا از پودر صابون جهت شست‌ و شو استفاده کنید,7|1|0,هودی,8|1|0,5.0,7,7,instock,<img src='https://artshirt.ir/wp-content/uploads/sizechart/TS-Size-Chart.jpg' style='display: block;margin-left: auto;margin-right: auto;'/>,<ul><li><span style='font-size: 12px; color: #808080;'>جنس ۱۰۰ درصد نخ پنبه</span></li><li><span style='font-size: 12px; color: #808080;'>چاپ دیجیتال با دوام با استفاده از تکنولوژی مدرن DTG</span></li></ul>
ART-0699-HD,ART-0699-HD,دختر Vegeterian,publish,product,product,variable,شکم باز>گیاه خواری,#تایپوگرافی,120000,,120000,no,instock,ART-0699-HD-color8.jpg|ART-0699-HD-color2.jpg|ART-0699-HD-color5.jpg|ART-0699-HD-color9.jpg|ART-0699-HD-color10.jpg|ART-0699-TS-color1.jpg|ART-0699-TS-color1-men.jpg|ART-0699-TS-color1-women.jpg|ART-0699-TS-color2.jpg|ART-0699-TS-color2-men.jpg|ART-0699-TS-color2-women.jpg|ART-0699-TS-color3.jpg|ART-0699-TS-color3-men.jpg|ART-0699-TS-color3-women.jpg|ART-0699-TS-color4.jpg|ART-0699-TS-color4-men.jpg|ART-0699-TS-color4-women.jpg|ART-0699-TS-color5.jpg|ART-0699-TS-color5-men.jpg|ART-0699-TS-color5-women.jpg|ART-0699-TS-color6.jpg|ART-0699-TS-color6-men.jpg|ART-0699-TS-color6-women.jpg|ART-0699-TS-color7.jpg|ART-0699-TS-color7-men.jpg|ART-0699-TS-color7-women.jpg,تیشرت|هودی,هودی,1|1|1,خانم‌ها|آقایان,خانم‌ها,2|1|1,ملانژ|مشکی|زرشکی|نارنجی|سرمه‌ای|سفید|خاکستری|آبی|زرد|سبز خاکی,ملانژ,3|1|1,M|L|XL|2XL|3XL,L,4|1|1,۱۰۰ درصد نخ پنبه,5|1|0,چاپ دیجیتال با دوام جوهرافشان با استفاده از تکنولوژی مدرن DTG,6|1|0,جهت شست و شو لباس را پشت و رو کرده و با آب زیر ۴۰ درجه بشویید، ترجیحا از پودر صابون جهت شست‌ و شو استفاده کنید,7|1|0,هودی,8|1|0,4.5,3,3,instock,<img src='https://artshirt.ir/wp-content/uploads/sizechart/TS-Size-Chart.jpg' style='display: block;margin-left: auto;margin-right: auto;'/>,<ul><li><span style='font-size: 12px; color: #808080;'>جنس ۱۰۰ درصد نخ پنبه</span></li><li><span style='font-size: 12px; color: #808080;'>چاپ دیجیتال با دوام با استفاده از تکنولوژی مدرن DTG</span></li></ul>
ART-0700-HD,ART-0700-HD,قبل و بعد قهوه تنبل,publish,product,product,variable,حیوانات جذاب>تنبل,#قبل_و_بعد|#قهوه,120000,,120000,no,instock,ART-0700-HD-color10.jpg|ART-0700-HD-color8.jpg|ART-0700-HD-color2.jpg|ART-0700-HD-color5.jpg|ART-0700-HD-color9.jpg|ART-0700-TS-color1.jpg|ART-0700-TS-color1-men.jpg|ART-0700-TS-color1-women.jpg|ART-0700-TS-color2.jpg|ART-0700-TS-color2-men.jpg|ART-0700-TS-color2-women.jpg|ART-0700-TS-color3.jpg|ART-0700-TS-color3-men.jpg|ART-0700-TS-color3-women.jpg|ART-0700-TS-color4.jpg|ART-0700-TS-color4-men.jpg|ART-0700-TS-color4-women.jpg|ART-0700-TS-color5.jpg|ART-0700-TS-color5-men.jpg|ART-0700-TS-color5-women.jpg|ART-0700-TS-color6.jpg|ART-0700-TS-color6-men.jpg|ART-0700-TS-color6-women.jpg|ART-0700-TS-color7.jpg|ART-0700-TS-color7-men.jpg|ART-0700-TS-color7-women.jpg,تیشرت|هودی,هودی,1|1|1,خانم‌ها|آقایان,خانم‌ها,2|1|1,ملانژ|مشکی|زرشکی|نارنجی|سرمه‌ای|سفید|خاکستری|آبی|زرد|سبز خاکی,سرمه‌ای,3|1|1,M|L|XL|2XL|3XL,L,4|1|1,۱۰۰ درصد نخ پنبه,5|1|0,چاپ دیجیتال با دوام جوهرافشان با استفاده از تکنولوژی مدرن DTG,6|1|0,جهت شست و شو لباس را پشت و رو کرده و با آب زیر ۴۰ درجه بشویید، ترجیحا از پودر صابون جهت شست‌ و شو استفاده کنید,7|1|0,هودی,8|1|0,4.4,6,6,instock,<img src='https://artshirt.ir/wp-content/uploads/sizechart/TS-Size-Chart.jpg' style='display: block;margin-left: auto;margin-right: auto;'/>,<ul><li><span style='font-size: 12px; color: #808080;'>جنس ۱۰۰ درصد نخ پنبه</span></li><li><span style='font-size: 12px; color: #808080;'>چاپ دیجیتال با دوام با استفاده از تکنولوژی مدرن DTG</span></li></ul>
ART-0701-HD,ART-0701-HD,قبل و بعد قهوه روبیک,publish,product,product,variable,شکم باز>نوشیدنی,#قبل_و_بعد|#قهوه|#روبیک,120000,,120000,no,instock,ART-0701-HD-color2.jpg|ART-0701-HD-color8.jpg|ART-0701-HD-color5.jpg|ART-0701-HD-color9.jpg|ART-0701-HD-color10.jpg|ART-0701-TS-color1.jpg|ART-0701-TS-color1-men.jpg|ART-0701-TS-color1-women.jpg|ART-0701-TS-color2.jpg|ART-0701-TS-color2-men.jpg|ART-0701-TS-color2-women.jpg|ART-0701-TS-color3.jpg|ART-0701-TS-color3-men.jpg|ART-0701-TS-color3-women.jpg|ART-0701-TS-color4.jpg|ART-0701-TS-color4-men.jpg|ART-0701-TS-color4-women.jpg|ART-0701-TS-color5.jpg|ART-0701-TS-color5-men.jpg|ART-0701-TS-color5-women.jpg|ART-0701-TS-color6.jpg|ART-0701-TS-color6-men.jpg|ART-0701-TS-color6-women.jpg|ART-0701-TS-color7.jpg|ART-0701-TS-color7-men.jpg|ART-0701-TS-color7-women.jpg,تیشرت|هودی,هودی,1|1|1,خانم‌ها|آقایان,خانم‌ها,2|1|1,ملانژ|مشکی|زرشکی|نارنجی|سرمه‌ای|سفید|خاکستری|آبی|زرد|سبز خاکی,مشکی,3|1|1,M|L|XL|2XL|3XL,L,4|1|1,۱۰۰ درصد نخ پنبه,5|1|0,چاپ دیجیتال با دوام جوهرافشان با استفاده از تکنولوژی مدرن DTG,6|1|0,جهت شست و شو لباس را پشت و رو کرده و با آب زیر ۴۰ درجه بشویید، ترجیحا از پودر صابون جهت شست‌ و شو استفاده کنید,7|1|0,هودی,8|1|0,4.0,10,10,instock,<img src='https://artshirt.ir/wp-content/uploads/sizechart/TS-Size-Chart.jpg' style='display: block;margin-left: auto;margin-right: auto;'/>,<ul><li><span style='font-size: 12px; color: #808080;'>جنس ۱۰۰ درصد نخ پنبه</span></li><li><span style='font-size: 12px; color: #808080;'>چاپ دیجیتال با دوام با استفاده از تکنولوژی مدرن DTG</span></li></ul>
ART-0702-HD,ART-0702-HD,طوفان غذایی,publish,product,product,variable,شکم باز>غذا و تنقلات,,120000,,120000,no,instock,ART-0702-HD-color5.jpg|ART-0702-HD-color8.jpg|ART-0702-HD-color2.jpg|ART-0702-HD-color9.jpg|ART-0702-HD-color10.jpg|ART-0702-TS-color1.jpg|ART-0702-TS-color1-men.jpg|ART-0702-TS-color1-women.jpg|ART-0702-TS-color2.jpg|ART-0702-TS-color2-men.jpg|ART-0702-TS-color2-women.jpg|ART-0702-TS-color3.jpg|ART-0702-TS-color3-men.jpg|ART-0702-TS-color3-women.jpg|ART-0702-TS-color4.jpg|ART-0702-TS-color4-men.jpg|ART-0702-TS-color4-women.jpg|ART-0702-TS-color5.jpg|ART-0702-TS-color5-men.jpg|ART-0702-TS-color5-women.jpg|ART-0702-TS-color6.jpg|ART-0702-TS-color6-men.jpg|ART-0702-TS-color6-women.jpg|ART-0702-TS-color7.jpg|ART-0702-TS-color7-men.jpg|ART-0702-TS-color7-women.jpg,تیشرت|هودی,هودی,1|1|1,خانم‌ها|آقایان,خانم‌ها,2|1|1,ملانژ|مشکی|زرشکی|نارنجی|سرمه‌ای|سفید|خاکستری|آبی|زرد|سبز خاکی,زرشکی,3|1|1,M|L|XL|2XL|3XL,L,4|1|1,۱۰۰ درصد نخ پنبه,5|1|0,چاپ دیجیتال با دوام جوهرافشان با استفاده از تکنولوژی مدرن DTG,6|1|0,جهت شست و شو لباس را پشت و رو کرده و با آب زیر ۴۰ درجه بشویید، ترجیحا از پودر صابون جهت شست‌ و شو استفاده کنید,7|1|0,هودی,8|1|0,4.8,6,6,instock,<img src='https://artshirt.ir/wp-content/uploads/sizechart/TS-Size-Chart.jpg' style='display: block;margin-left: auto;margin-right: auto;'/>,<ul><li><span style='font-size: 12px; color: #808080;'>جنس ۱۰۰ درصد نخ پنبه</span></li><li><span style='font-size: 12px; color: #808080;'>چاپ دیجیتال با دوام با استفاده از تکنولوژی مدرن DTG</span></li></ul>
ART-0703-HD,ART-0703-HD,به آغوشت نیازمندم,publish,product,product,variable,ایده و احساس>عشق,#آغوش,120000,,120000,no,instock,ART-0703-HD-color10.jpg|ART-0703-HD-color8.jpg|ART-0703-HD-color2.jpg|ART-0703-HD-color5.jpg|ART-0703-HD-color9.jpg|ART-0703-TS-color1.jpg|ART-0703-TS-color1-men.jpg|ART-0703-TS-color1-women.jpg|ART-0703-TS-color2.jpg|ART-0703-TS-color2-men.jpg|ART-0703-TS-color2-women.jpg|ART-0703-TS-color3.jpg|ART-0703-TS-color3-men.jpg|ART-0703-TS-color3-women.jpg|ART-0703-TS-color4.jpg|ART-0703-TS-color4-men.jpg|ART-0703-TS-color4-women.jpg|ART-0703-TS-color5.jpg|ART-0703-TS-color5-men.jpg|ART-0703-TS-color5-women.jpg|ART-0703-TS-color6.jpg|ART-0703-TS-color6-men.jpg|ART-0703-TS-color6-women.jpg|ART-0703-TS-color7.jpg|ART-0703-TS-color7-men.jpg|ART-0703-TS-color7-women.jpg,تیشرت|هودی,هودی,1|1|1,خانم‌ها|آقایان,خانم‌ها,2|1|1,ملانژ|مشکی|زرشکی|نارنجی|سرمه‌ای|سفید|خاکستری|آبی|زرد|سبز خاکی,سرمه‌ای,3|1|1,M|L|XL|2XL|3XL,L,4|1|1,۱۰۰ درصد نخ پنبه,5|1|0,چاپ دیجیتال با دوام جوهرافشان با استفاده از تکنولوژی مدرن DTG,6|1|0,جهت شست و شو لباس را پشت و رو کرده و با آب زیر ۴۰ درجه بشویید، ترجیحا از پودر صابون جهت شست‌ و شو استفاده کنید,7|1|0,هودی,8|1|0,4.7,2,2,instock,<img src='https://artshirt.ir/wp-content/uploads/sizechart/TS-Size-Chart.jpg' style='display: block;margin-left: auto;margin-right: auto;'/>,<ul><li><span style='font-size: 12px; color: #808080;'>جنس ۱۰۰ درصد نخ پنبه</span></li><li><span style='font-size: 12px; color: #808080;'>چاپ دیجیتال با دوام با استفاده از تکنولوژی مدرن DTG</span></li></ul>
ART-0704-HD,ART-0704-HD,داستان پیدایش ماه,publish,product,product,variable,طبیعت گردی>فضا و آسمان,#ماه,120000,,120000,no,instock,ART-0704-HD-color2.jpg|ART-0704-HD-color8.jpg|ART-0704-HD-color5.jpg|ART-0704-HD-color9.jpg|ART-0704-HD-color10.jpg|ART-0704-TS-color1.jpg|ART-0704-TS-color1-men.jpg|ART-0704-TS-color1-women.jpg|ART-0704-TS-color2.jpg|ART-0704-TS-color2-men.jpg|ART-0704-TS-color2-women.jpg|ART-0704-TS-color3.jpg|ART-0704-TS-color3-men.jpg|ART-0704-TS-color3-women.jpg|ART-0704-TS-color4.jpg|ART-0704-TS-color4-men.jpg|ART-0704-TS-color4-women.jpg|ART-0704-TS-color5.jpg|ART-0704-TS-color5-men.jpg|ART-0704-TS-color5-women.jpg|ART-0704-TS-color6.jpg|ART-0704-TS-color6-men.jpg|ART-0704-TS-color6-women.jpg|ART-0704-TS-color7.jpg|ART-0704-TS-color7-men.jpg|ART-0704-TS-color7-women.jpg,تیشرت|هودی,هودی,1|1|1,خانم‌ها|آقایان,آقایان,2|1|1,ملانژ|مشکی|زرشکی|نارنجی|سرمه‌ای|سفید|خاکستری|آبی|زرد|سبز خاکی,مشکی,3|1|1,M|L|XL|2XL|3XL,L,4|1|1,۱۰۰ درصد نخ پنبه,5|1|0,چاپ دیجیتال با دوام جوهرافشان با استفاده از تکنولوژی مدرن DTG,6|1|0,جهت شست و شو لباس را پشت و رو کرده و با آب زیر ۴۰ درجه بشویید، ترجیحا از پودر صابون جهت شست‌ و شو استفاده کنید,7|1|0,هودی,8|1|0,4.1,8,8,instock,<img src='https://artshirt.ir/wp-content/uploads/sizechart/TS-Size-Chart.jpg' style='display: block;margin-left: auto;margin-right: auto;'/>,<ul><li><span style='font-size: 12px; color: #808080;'>جنس ۱۰۰ درصد نخ پنبه</span></li><li><span style='font-size: 12px; color: #808080;'>چاپ دیجیتال با دوام با استفاده از تکنولوژی مدرن DTG</span></li></ul>
ART-0705-HD,ART-0705-HD,آخرین تابستان,publish,product,product,variable,طبیعت گردی>تابستان,#بستنی,120000,,120000,no,instock,ART-0705-HD-color8.jpg|ART-0705-HD-color2.jpg|ART-0705-HD-color5.jpg|ART-0705-HD-color9.jpg|ART-0705-HD-color10.jpg|ART-0705-TS-color1.jpg|ART-0705-TS-color1-men.jpg|ART-0705-TS-color1-women.jpg|ART-0705-TS-color2.jpg|ART-0705-TS-color2-men.jpg|ART-0705-TS-color2-women.jpg|ART-0705-TS-color3.jpg|ART-0705-TS-color3-men.jpg|ART-0705-TS-color3-women.jpg|ART-0705-TS-color4.jpg|ART-0705-TS-color4-men.jpg|ART-0705-TS-color4-women.jpg|ART-0705-TS-color5.jpg|ART-0705-TS-color5-men.jpg|ART-0705-TS-color5-women.jpg|ART-0705-TS-color6.jpg|ART-0705-TS-color6-men.jpg|ART-0705-TS-color6-women.jpg|ART-0705-TS-color7.jpg|ART-0705-TS-color7-men.jpg|ART-0705-TS-color7-women.jpg,تیشرت|هودی,هودی,1|1|1,خانم‌ها|آقایان,خانم‌ها,2|1|1,ملانژ|مشکی|زرشکی|نارنجی|سرمه‌ای|سفید|خاکستری|آبی|زرد|سبز خاکی,ملانژ,3|1|1,M|L|XL|2XL|3XL,L,4|1|1,۱۰۰ درصد نخ پنبه,5|1|0,چاپ دیجیتال با دوام جوهرافشان با استفاده از تکنولوژی مدرن DTG,6|1|0,جهت شست و شو لباس را پشت و رو کرده و با آب زیر ۴۰ درجه بشویید، ترجیحا از پودر صابون جهت شست‌ و شو استفاده کنید,7|1|0,هودی,8|1|0,4.1,6,6,instock,<img src='https://artshirt.ir/wp-content/uploads/sizechart/TS-Size-Chart.jpg' style='display: block;margin-left: auto;margin-right: auto;'/>,<ul><li><span style='font-size: 12px; color: #808080;'>جنس ۱۰۰ درصد نخ پنبه</span></li><li><span style='font-size: 12px; color: #808080;'>چاپ دیجیتال با دوام با استفاده از تکنولوژی مدرن DTG</span></li></ul>
ART-0706-HD,ART-0706-HD,کاش زودتر به دنیا بیاد,publish,product,product,variable,ایده و احساس>غیره,#تایپوگرافی|#فان,120000,,120000,no,instock,ART-0706-HD-color9.jpg|ART-0706-HD-color8.jpg|ART-0706-HD-color2.jpg|ART-0706-HD-color5.jpg|ART-0706-HD-color10.jpg|ART-0706-TS-color1.jpg|ART-0706-TS-color1-men.jpg|ART-0706-TS-color1-women.jpg|ART-0706-TS-color2.jpg|ART-0706-TS-color2-men.jpg|ART-0706-TS-color2-women.jpg|ART-0706-TS-color3.jpg|ART-0706-TS-color3-men.jpg|ART-0706-TS-color3-women.jpg|ART-0706-TS-color4.jpg|ART-0706-TS-color4-men.jpg|ART-0706-TS-color4-women.jpg|ART-0706-TS-color5.jpg|ART-0706-TS-color5-men.jpg|ART-0706-TS-color5-women.jpg|ART-0706-TS-color6.jpg|ART-0706-TS-color6-men.jpg|ART-0706-TS-color6-women.jpg|ART-0706-TS-color7.jpg|ART-0706-TS-color7-men.jpg|ART-0706-TS-color7-women.jpg,تیشرت|هودی,هودی,1|1|1,خانم‌ها|آقایان,آقایان,2|1|1,ملانژ|مشکی|زرشکی|نارنجی|سرمه‌ای|سفید|خاکستری|آبی|زرد|سبز خاکی,نارنجی,3|1|1,M|L|XL|2XL|3XL,L,4|1|1,۱۰۰ درصد نخ پنبه,5|1|0,چاپ دیجیتال با دوام جوهرافشان با استفاده از تکنولوژی مدرن DTG,6|1|0,جهت شست و شو لباس را پشت و رو کرده و با آب زیر ۴۰ درجه بشویید، ترجیحا از پودر صابون جهت شست‌ و شو استفاده کنید,7|1|0,هودی,8|1|0,4.3,8,8,instock,<img src='https://artshirt.ir/wp-content/uploads/sizechart/TS-Size-Chart.jpg' style='display: block;margin-left: auto;margin-right: auto;'/>,<ul><li><span style='font-size: 12px; color: #808080;'>جنس ۱۰۰ درصد نخ پنبه</span></li><li><span style='font-size: 12px; color: #808080;'>چاپ دیجیتال با دوام با استفاده از تکنولوژی مدرن DTG</span></li></ul>
ART-0707-HD,ART-0707-HD,پیک نیک خورشیدی,publish,product,product,variable,طبیعت گردی>فضا و آسمان,#منظومه_خورشیدی|#فان,120000,,120000,no,instock,ART-0707-HD-color8.jpg|ART-0707-HD-color2.jpg|ART-0707-HD-color5.jpg|ART-0707-HD-color9.jpg|ART-0707-HD-color10.jpg|ART-0707-TS-color1.jpg|ART-0707-TS-color1-men.jpg|ART-0707-TS-color1-women.jpg|ART-0707-TS-color2.jpg|ART-0707-TS-color2-men.jpg|ART-0707-TS-color2-women.jpg|ART-0707-TS-color3.jpg|ART-0707-TS-color3-men.jpg|ART-0707-TS-color3-women.jpg|ART-0707-TS-color4.jpg|ART-0707-TS-color4-men.jpg|ART-0707-TS-color4-women.jpg|ART-0707-TS-color5.jpg|ART-0707-TS-color5-men.jpg|ART-0707-TS-color5-women.jpg|ART-0707-TS-color6.jpg|ART-0707-TS-color6-men.jpg|ART-0707-TS-color6-women.jpg|ART-0707-TS-color7.jpg|ART-0707-TS-color7-men.jpg|ART-0707-TS-color7-women.jpg,تیشرت|هودی,هودی,1|1|1,خانم‌ها|آقایان,آقایان,2|1|1,ملانژ|مشکی|زرشکی|نارنجی|سرمه‌ای|سفید|خاکستری|آبی|زرد|سبز خاکی,ملانژ,3|1|1,M|L|XL|2XL|3XL,L,4|1|1,۱۰۰ درصد نخ پنبه,5|1|0,چاپ دیجیتال با دوام جوهرافشان با استفاده از تکنولوژی مدرن DTG,6|1|0,جهت شست و شو لباس را پشت و رو کرده و با آب زیر ۴۰ درجه بشویید، ترجیحا از پودر صابون جهت شست‌ و شو استفاده کنید,7|1|0,هودی,8|1|0,4.8,5,5,instock,<img src='https://artshirt.ir/wp-content/uploads/sizechart/TS-Size-Chart.jpg' style='display: block;margin-left: auto;margin-right: auto;'/>,<ul><li><span style='font-size: 12px; color: #808080;'>جنس ۱۰۰ درصد نخ پنبه</span></li><li><span style='font-size: 12px; color: #808080;'>چاپ دیجیتال با دوام با استفاده از تکنولوژی مدرن DTG</span></li></ul>
ART-0708-HD,ART-0708-HD,آفتاب گیری خوشمزه,publish,product,product,variable,طبیعت گردی>تابستان,#پاپ_کورن|#فان,120000,,120000,no,instock,ART-0708-HD-color5.jpg|ART-0708-HD-color8.jpg|ART-0708-HD-color2.jpg|ART-0708-HD-color9.jpg|ART-0708-HD-color10.jpg|ART-0708-TS-color1.jpg|ART-0708-TS-color1-men.jpg|ART-0708-TS-color1-women.jpg|ART-0708-TS-color2.jpg|ART-0708-TS-color2-men.jpg|ART-0708-TS-color2-women.jpg|ART-0708-TS-color3.jpg|ART-0708-TS-color3-men.jpg|ART-0708-TS-color3-women.jpg|ART-0708-TS-color4.jpg|ART-0708-TS-color4-men.jpg|ART-0708-TS-color4-women.jpg|ART-0708-TS-color5.jpg|ART-0708-TS-color5-men.jpg|ART-0708-TS-color5-women.jpg|ART-0708-TS-color6.jpg|ART-0708-TS-color6-men.jpg|ART-0708-TS-color6-women.jpg|ART-0708-TS-color7.jpg|ART-0708-TS-color7-men.jpg|ART-0708-TS-color7-women.jpg,تیشرت|هودی,هودی,1|1|1,خانم‌ها|آقایان,آقایان,2|1|1,ملانژ|مشکی|زرشکی|نارنجی|سرمه‌ای|سفید|خاکستری|آبی|زرد|سبز خاکی,زرشکی,3|1|1,M|L|XL|2XL|3XL,L,4|1|1,۱۰۰ درصد نخ پنبه,5|1|0,چاپ دیجیتال با دوام جوهرافشان با استفاده از تکنولوژی مدرن DTG,6|1|0,جهت شست و شو لباس را پشت و رو کرده و با آب زیر ۴۰ درجه بشویید، ترجیحا از پودر صابون جهت شست‌ و شو استفاده کنید,7|1|0,هودی,8|1|0,4.6,10,10,instock,<img src='https://artshirt.ir/wp-content/uploads/sizechart/TS-Size-Chart.jpg' style='display: block;margin-left: auto;margin-right: auto;'/>,<ul><li><span style='font-size: 12px; color: #808080;'>جنس ۱۰۰ درصد نخ پنبه</span></li><li><span style='font-size: 12px; color: #808080;'>چاپ دیجیتال با دوام با استفاده از تکنولوژی مدرن DTG</span></li></ul>
ART-0709-HD,ART-0709-HD,تیر و کمان رنگارنگ,publish,product,product,variable,طبیعت گردی>فضا و آسمان,#رنگین‌کمان|#ابر,120000,,120000,no,instock,ART-0709-HD-color5.jpg|ART-0709-HD-color8.jpg|ART-0709-HD-color2.jpg|ART-0709-HD-color9.jpg|ART-0709-HD-color10.jpg|ART-0709-TS-color1.jpg|ART-0709-TS-color1-men.jpg|ART-0709-TS-color1-women.jpg|ART-0709-TS-color2.jpg|ART-0709-TS-color2-men.jpg|ART-0709-TS-color2-women.jpg|ART-0709-TS-color3.jpg|ART-0709-TS-color3-men.jpg|ART-0709-TS-color3-women.jpg|ART-0709-TS-color4.jpg|ART-0709-TS-color4-men.jpg|ART-0709-TS-color4-women.jpg|ART-0709-TS-color5.jpg|ART-0709-TS-color5-men.jpg|ART-0709-TS-color5-women.jpg|ART-0709-TS-color6.jpg|ART-0709-TS-color6-men.jpg|ART-0709-TS-color6-women.jpg|ART-0709-TS-color7.jpg|ART-0709-TS-color7-men.jpg|ART-0709-TS-color7-women.jpg,تیشرت|هودی,هودی,1|1|1,خانم‌ها|آقایان,آقایان,2|1|1,ملانژ|مشکی|زرشکی|نارنجی|سرمه‌ای|سفید|خاکستری|آبی|زرد|سبز خاکی,زرشکی,3|1|1,M|L|XL|2XL|3XL,L,4|1|1,۱۰۰ درصد نخ پنبه,5|1|0,چاپ دیجیتال با دوام جوهرافشان با استفاده از تکنولوژی مدرن DTG,6|1|0,جهت شست و شو لباس را پشت و رو کرده و با آب زیر ۴۰ درجه بشویید، ترجیحا از پودر صابون جهت شست‌ و شو استفاده کنید,7|1|0,هودی,8|1|0,4.7,10,10,instock,<img src='https://artshirt.ir/wp-content/uploads/sizechart/TS-Size-Chart.jpg' style='display: block;margin-left: auto;margin-right: auto;'/>,<ul><li><span style='font-size: 12px; color: #808080;'>جنس ۱۰۰ درصد نخ پنبه</span></li><li><span style='font-size: 12px; color: #808080;'>چاپ دیجیتال با دوام با استفاده از تکنولوژی مدرن DTG</span></li></ul>
ART-0710-HD,ART-0710-HD,فقط پنج دقیقه بیشتر,publish,product,product,variable,حیوانات جذاب>تنبل,#خواب|#فان,120000,,120000,no,instock,ART-0710-HD-color8.jpg|ART-0710-HD-color2.jpg|ART-0710-HD-color5.jpg|ART-0710-HD-color9.jpg|ART-0710-HD-color10.jpg|ART-0710-TS-color1.jpg|ART-0710-TS-color1-men.jpg|ART-0710-TS-color1-women.jpg|ART-0710-TS-color2.jpg|ART-0710-TS-color2-men.jpg|ART-0710-TS-color2-women.jpg|ART-0710-TS-color3.jpg|ART-0710-TS-color3-men.jpg|ART-0710-TS-color3-women.jpg|ART-0710-TS-color4.jpg|ART-0710-TS-color4-men.jpg|ART-0710-TS-color4-women.jpg|ART-0710-TS-color5.jpg|ART-0710-TS-color5-men.jpg|ART-0710-TS-color5-women.jpg|ART-0710-TS-color6.jpg|ART-0710-TS-color6-men.jpg|ART-0710-TS-color6-women.jpg|ART-0710-TS-color7.jpg|ART-0710-TS-color7-men.jpg|ART-0710-TS-color7-women.jpg,تیشرت|هودی,هودی,1|1|1,خانم‌ها|آقایان,خانم‌ها,2|1|1,ملانژ|مشکی|زرشکی|نارنجی|سرمه‌ای|سفید|خاکستری|آبی|زرد|سبز خاکی,ملانژ,3|1|1,M|L|XL|2XL|3XL,L,4|1|1,۱۰۰ درصد نخ پنبه,5|1|0,چاپ دیجیتال با دوام جوهرافشان با استفاده از تکنولوژی مدرن DTG,6|1|0,جهت شست و شو لباس را پشت و رو کرده و با آب زیر ۴۰ درجه بشویید، ترجیحا از پودر صابون جهت شست‌ و شو استفاده کنید,7|1|0,هودی,8|1|0,4.4,3,3,instock,<img src='https://artshirt.ir/wp-content/uploads/sizechart/TS-Size-Chart.jpg' style='display: block;margin-left: auto;margin-right: auto;'/>,<ul><li><span style='font-size: 12px; color: #808080;'>جنس ۱۰۰ درصد نخ پنبه</span></li><li><span style='font-size: 12px; color: #808080;'>چاپ دیجیتال با دوام با استفاده از تکنولوژی مدرن DTG</span></li></ul>
ART-0711-HD,ART-0711-HD,آموزش رقص,publish,product,product,variable,ایده و احساس>عشق,#رقص,120000,,120000,no,instock,ART-0711-HD-color10.jpg|ART-0711-HD-color8.jpg|ART-0711-HD-color2.jpg|ART-0711-HD-color5.jpg|ART-0711-HD-color9.jpg|ART-0711-TS-color1.jpg|ART-0711-TS-color1-men.jpg|ART-0711-TS-color1-women.jpg|ART-0711-TS-color2.jpg|ART-0711-TS-color2-men.jpg|ART-0711-TS-color2-women.jpg|ART-0711-TS-color3.jpg|ART-0711-TS-color3-men.jpg|ART-0711-TS-color3-women.jpg|ART-0711-TS-color4.jpg|ART-0711-TS-color4-men.jpg|ART-0711-TS-color4-women.jpg|ART-0711-TS-color5.jpg|ART-0711-TS-color5-men.jpg|ART-0711-TS-color5-women.jpg|ART-0711-TS-color6.jpg|ART-0711-TS-color6-men.jpg|ART-0711-TS-color6-women.jpg|ART-0711-TS-color7.jpg|ART-0711-TS-color7-men.jpg|ART-0711-TS-color7-women.jpg,تیشرت|هودی,هودی,1|1|1,خانم‌ها|آقایان,خانم‌ها,2|1|1,ملانژ|مشکی|زرشکی|نارنجی|سرمه‌ای|سفید|خاکستری|آبی|زرد|سبز خاکی,سرمه‌ای,3|1|1,M|L|XL|2XL|3XL,L,4|1|1,۱۰۰ درصد نخ پنبه,5|1|0,چاپ دیجیتال با دوام جوهرافشان با استفاده از تکنولوژی مدرن DTG,6|1|0,جهت شست و شو لباس را پشت و رو کرده و با آب زیر ۴۰ درجه بشویید، ترجیحا از پودر صابون جهت شست‌ و شو استفاده کنید,7|1|0,هودی,8|1|0,4.2,3,3,instock,<img src='https://artshirt.ir/wp-content/uploads/sizechart/TS-Size-Chart.jpg' style='display: block;margin-left: auto;margin-right: auto;'/>,<ul><li><span style='font-size: 12px; color: #808080;'>جنس ۱۰۰ درصد نخ پنبه</span></li><li><span style='font-size: 12px; color: #808080;'>چاپ دیجیتال با دوام با استفاده از تکنولوژی مدرن DTG</span></li></ul>
ART-0712-HD,ART-0712-HD,Breaking Bad 1,publish,product,product,variable,سریال و فیلم باز>سریال>Breaking bad,#Breaking_bad,120000,,120000,no,instock,ART-0712-HD-color9.jpg|ART-0712-HD-color8.jpg|ART-0712-HD-color2.jpg|ART-0712-HD-color5.jpg|ART-0712-HD-color10.jpg|ART-0712-TS-color1.jpg|ART-0712-TS-color1-men.jpg|ART-0712-TS-color1-women.jpg|ART-0712-TS-color2.jpg|ART-0712-TS-color2-men.jpg|ART-0712-TS-color2-women.jpg|ART-0712-TS-color3.jpg|ART-0712-TS-color3-men.jpg|ART-0712-TS-color3-women.jpg|ART-0712-TS-color4.jpg|ART-0712-TS-color4-men.jpg|ART-0712-TS-color4-women.jpg|ART-0712-TS-color5.jpg|ART-0712-TS-color5-men.jpg|ART-0712-TS-color5-women.jpg|ART-0712-TS-color6.jpg|ART-0712-TS-color6-men.jpg|ART-0712-TS-color6-women.jpg|ART-0712-TS-color7.jpg|ART-0712-TS-color7-men.jpg|ART-0712-TS-color7-women.jpg,تیشرت|هودی,هودی,1|1|1,خانم‌ها|آقایان,خانم‌ها,2|1|1,ملانژ|مشکی|زرشکی|نارنجی|سرمه‌ای|سفید|خاکستری|آبی|زرد|سبز خاکی,نارنجی,3|1|1,M|L|XL|2XL|3XL,L,4|1|1,۱۰۰ درصد نخ پنبه,5|1|0,چاپ دیجیتال با دوام جوهرافشان با استفاده از تکنولوژی مدرن DTG,6|1|0,جهت شست و شو لباس را پشت و رو کرده و با آب زیر ۴۰ درجه بشویید، ترجیحا از پودر صابون جهت شست‌ و شو استفاده کنید,7|1|0,هودی,8|1|0,4.3,8,8,instock,<img src='https://artshirt.ir/wp-content/uploads/sizechart/TS-Size-Chart.jpg' style='display: block;margin-left: auto;margin-right: auto;'/>,<ul><li><span style='font-size: 12px; color: #808080;'>جنس ۱۰۰ درصد نخ پنبه</span></li><li><span style='font-size: 12px; color: #808080;'>چاپ دیجیتال با دوام با استفاده از تکنولوژی مدرن DTG</span></li></ul>
ART-0713-HD,ART-0713-HD,تیتراژ فرندز,publish,product,product,variable,سریال و فیلم باز>سریال>Friends,#Friends,120000,,120000,no,instock,ART-0713-HD-color9.jpg|ART-0713-HD-color8.jpg|ART-0713-HD-color2.jpg|ART-0713-HD-color5.jpg|ART-0713-HD-color10.jpg|ART-0713-TS-color1.jpg|ART-0713-TS-color1-men.jpg|ART-0713-TS-color1-women.jpg|ART-0713-TS-color2.jpg|ART-0713-TS-color2-men.jpg|ART-0713-TS-color2-women.jpg|ART-0713-TS-color3.jpg|ART-0713-TS-color3-men.jpg|ART-0713-TS-color3-women.jpg|ART-0713-TS-color4.jpg|ART-0713-TS-color4-men.jpg|ART-0713-TS-color4-women.jpg|ART-0713-TS-color5.jpg|ART-0713-TS-color5-men.jpg|ART-0713-TS-color5-women.jpg|ART-0713-TS-color6.jpg|ART-0713-TS-color6-men.jpg|ART-0713-TS-color6-women.jpg|ART-0713-TS-color7.jpg|ART-0713-TS-color7-men.jpg|ART-0713-TS-color7-women.jpg,تیشرت|هودی,هودی,1|1|1,خانم‌ها|آقایان,آقایان,2|1|1,ملانژ|مشکی|زرشکی|نارنجی|سرمه‌ای|سفید|خاکستری|آبی|زرد|سبز خاکی,نارنجی,3|1|1,M|L|XL|2XL|3XL,L,4|1|1,۱۰۰ درصد نخ پنبه,5|1|0,چاپ دیجیتال با دوام جوهرافشان با استفاده از تکنولوژی مدرن DTG,6|1|0,جهت شست و شو لباس را پشت و رو کرده و با آب زیر ۴۰ درجه بشویید، ترجیحا از پودر صابون جهت شست‌ و شو استفاده کنید,7|1|0,هودی,8|1|0,4.2,6,6,instock,<img src='https://artshirt.ir/wp-content/uploads/sizechart/TS-Size-Chart.jpg' style='display: block;margin-left: auto;margin-right: auto;'/>,<ul><li><span style='font-size: 12px; color: #808080;'>جنس ۱۰۰ درصد نخ پنبه</span></li><li><span style='font-size: 12px; color: #808080;'>چاپ دیجیتال با دوام با استفاده از تکنولوژی مدرن DTG</span></li></ul>
ART-0715-HD,ART-0715-HD,غم ماتیلدا,publish,product,product,variable,سریال و فیلم باز>فیلم,#Leon,120000,,120000,no,instock,ART-0715-HD-color5.jpg|ART-0715-HD-color8.jpg|ART-0715-HD-color2.jpg|ART-0715-HD-color9.jpg|ART-0715-HD-color10.jpg|ART-0715-TS-color1.jpg|ART-0715-TS-color1-men.jpg|ART-0715-TS-color1-women.jpg|ART-0715-TS-color2.jpg|ART-0715-TS-color2-men.jpg|ART-0715-TS-color2-women.jpg|ART-0715-TS-color3.jpg|ART-0715-TS-color3-men.jpg|ART-0715-TS-color3-women.jpg|ART-0715-TS-color4.jpg|ART-0715-TS-color4-men.jpg|ART-0715-TS-color4-women.jpg|ART-0715-TS-color5.jpg|ART-0715-TS-color5-men.jpg|ART-0715-TS-color5-women.jpg|ART-0715-TS-color6.jpg|ART-0715-TS-color6-men.jpg|ART-0715-TS-color6-women.jpg|ART-0715-TS-color7.jpg|ART-0715-TS-color7-men.jpg|ART-0715-TS-color7-women.jpg,تیشرت|هودی,هودی,1|1|1,خانم‌ها|آقایان,آقایان,2|1|1,ملانژ|مشکی|زرشکی|نارنجی|سرمه‌ای|سفید|خاکستری|آبی|زرد|سبز خاکی,زرشکی,3|1|1,M|L|XL|2XL|3XL,L,4|1|1,۱۰۰ درصد نخ پنبه,5|1|0,چاپ دیجیتال با دوام جوهرافشان با استفاده از تکنولوژی مدرن DTG,6|1|0,جهت شست و شو لباس را پشت و رو کرده و با آب زیر ۴۰ درجه بشویید، ترجیحا از پودر صابون جهت شست‌ و شو استفاده کنید,7|1|0,هودی,8|1|0,4.2,9,9,instock,<img src='https://artshirt.ir/wp-content/uploads/sizechart/TS-Size-Chart.jpg' style='display: block;margin-left: auto;margin-right: auto;'/>,<ul><li><span style='font-size: 12px; color: #808080;'>جنس ۱۰۰ درصد نخ پنبه</span></li><li><span style='font-size: 12px; color: #808080;'>چاپ دیجیتال با دوام با استفاده از تکنولوژی مدرن DTG</span></li></ul>
ART-0716-HD,ART-0716-HD,من یک داکترم,publish,product,product,variable,کار و تحصیل>پزشک,,120000,,120000,no,instock,ART-0716-HD-color9.jpg|ART-0716-HD-color8.jpg|ART-0716-HD-color2.jpg|ART-0716-HD-color5.jpg|ART-0716-HD-color10.jpg|ART-0716-TS-color1.jpg|ART-0716-TS-color1-men.jpg|ART-0716-TS-color1-women.jpg|ART-0716-TS-color2.jpg|ART-0716-TS-color2-men.jpg|ART-0716-TS-color2-women.jpg|ART-0716-TS-color3.jpg|ART-0716-TS-color3-men.jpg|ART-0716-TS-color3-women.jpg|ART-0716-TS-color4.jpg|ART-0716-TS-color4-men.jpg|ART-0716-TS-color4-women.jpg|ART-0716-TS-color5.jpg|ART-0716-TS-color5-men.jpg|ART-0716-TS-color5-women.jpg|ART-0716-TS-color6.jpg|ART-0716-TS-color6-men.jpg|ART-0716-TS-color6-women.jpg|ART-0716-TS-color7.jpg|ART-0716-TS-color7-men.jpg|ART-0716-TS-color7-women.jpg,تیشرت|هودی,هودی,1|1|1,خانم‌ها|آقایان,آقایان,2|1|1,ملانژ|مشکی|زرشکی|نارنجی|سرمه‌ای|سفید|خاکستری|آبی|زرد|سبز خاکی,نارنجی,3|1|1,M|L|XL|2XL|3XL,L,4|1|1,۱۰۰ درصد نخ پنبه,5|1|0,چاپ دیجیتال با دوام جوهرافشان با استفاده از تکنولوژی مدرن DTG,6|1|0,جهت شست و شو لباس را پشت و رو کرده و با آب زیر ۴۰ درجه بشویید، ترجیحا از پودر صابون جهت شست‌ و شو استفاده کنید,7|1|0,هودی,8|1|0,4.7,5,5,instock,<img src='https://artshirt.ir/wp-content/uploads/sizechart/TS-Size-Chart.jpg' style='display: block;margin-left: auto;margin-right: auto;'/>,<ul><li><span style='font-size: 12px; color: #808080;'>جنس ۱۰۰ درصد نخ پنبه</span></li><li><span style='font-size: 12px; color: #808080;'>چاپ دیجیتال با دوام با استفاده از تکنولوژی مدرن DTG</span></li></ul>
ART-0717-HD,ART-0717-HD,قانون نسبیت مورتی,publish,product,product,variable,سریال و فیلم باز>انیمیشن و کمیک>Rick and Morty,#انیشتین,120000,,120000,no,instock,ART-0717-HD-color2.jpg|ART-0717-HD-color8.jpg|ART-0717-HD-color5.jpg|ART-0717-HD-color9.jpg|ART-0717-HD-color10.jpg|ART-0717-TS-color1.jpg|ART-0717-TS-color1-men.jpg|ART-0717-TS-color1-women.jpg|ART-0717-TS-color2.jpg|ART-0717-TS-color2-men.jpg|ART-0717-TS-color2-women.jpg|ART-0717-TS-color3.jpg|ART-0717-TS-color3-men.jpg|ART-0717-TS-color3-women.jpg|ART-0717-TS-color4.jpg|ART-0717-TS-color4-men.jpg|ART-0717-TS-color4-women.jpg|ART-0717-TS-color5.jpg|ART-0717-TS-color5-men.jpg|ART-0717-TS-color5-women.jpg|ART-0717-TS-color6.jpg|ART-0717-TS-color6-men.jpg|ART-0717-TS-color6-women.jpg|ART-0717-TS-color7.jpg|ART-0717-TS-color7-men.jpg|ART-0717-TS-color7-women.jpg,تیشرت|هودی,هودی,1|1|1,خانم‌ها|آقایان,آقایان,2|1|1,ملانژ|مشکی|زرشکی|نارنجی|سرمه‌ای|سفید|خاکستری|آبی|زرد|سبز خاکی,مشکی,3|1|1,M|L|XL|2XL|3XL,L,4|1|1,۱۰۰ درصد نخ پنبه,5|1|0,چاپ دیجیتال با دوام جوهرافشان با استفاده از تکنولوژی مدرن DTG,6|1|0,جهت شست و شو لباس را پشت و رو کرده و با آب زیر ۴۰ درجه بشویید، ترجیحا از پودر صابون جهت شست‌ و شو استفاده کنید,7|1|0,هودی,8|1|0,4.4,10,10,instock,<img src='https://artshirt.ir/wp-content/uploads/sizechart/TS-Size-Chart.jpg' style='display: block;margin-left: auto;margin-right: auto;'/>,<ul><li><span style='font-size: 12px; color: #808080;'>جنس ۱۰۰ درصد نخ پنبه</span></li><li><span style='font-size: 12px; color: #808080;'>چاپ دیجیتال با دوام با استفاده از تکنولوژی مدرن DTG</span></li></ul>
ART-0718-HD,ART-0718-HD,به دنیای واقعی خوش اومدی,publish,product,product,variable,سریال و فیلم باز>سریال>Friends,#تایپوگرافی|#Friends,120000,,120000,no,instock,ART-0718-HD-color5.jpg|ART-0718-HD-color8.jpg|ART-0718-HD-color2.jpg|ART-0718-HD-color9.jpg|ART-0718-HD-color10.jpg|ART-0718-TS-color1.jpg|ART-0718-TS-color1-men.jpg|ART-0718-TS-color1-women.jpg|ART-0718-TS-color2.jpg|ART-0718-TS-color2-men.jpg|ART-0718-TS-color2-women.jpg|ART-0718-TS-color3.jpg|ART-0718-TS-color3-men.jpg|ART-0718-TS-color3-women.jpg|ART-0718-TS-color4.jpg|ART-0718-TS-color4-men.jpg|ART-0718-TS-color4-women.jpg|ART-0718-TS-color5.jpg|ART-0718-TS-color5-men.jpg|ART-0718-TS-color5-women.jpg|ART-0718-TS-color6.jpg|ART-0718-TS-color6-men.jpg|ART-0718-TS-color6-women.jpg|ART-0718-TS-color7.jpg|ART-0718-TS-color7-men.jpg|ART-0718-TS-color7-women.jpg,تیشرت|هودی,هودی,1|1|1,خانم‌ها|آقایان,خانم‌ها,2|1|1,ملانژ|مشکی|زرشکی|نارنجی|سرمه‌ای|سفید|خاکستری|آبی|زرد|سبز خاکی,زرشکی,3|1|1,M|L|XL|2XL|3XL,L,4|1|1,۱۰۰ درصد نخ پنبه,5|1|0,چاپ دیجیتال با دوام جوهرافشان با استفاده از تکنولوژی مدرن DTG,6|1|0,جهت شست و شو لباس را پشت و رو کرده و با آب زیر ۴۰ درجه بشویید، ترجیحا از پودر صابون جهت شست‌ و شو استفاده کنید,7|1|0,هودی,8|1|0,4.3,5,5,instock,<img src='https://artshirt.ir/wp-content/uploads/sizechart/TS-Size-Chart.jpg' style='display: block;margin-left: auto;margin-right: auto;'/>,<ul><li><span style='font-size: 12px; color: #808080;'>جنس ۱۰۰ درصد نخ پنبه</span></li><li><span style='font-size: 12px; color: #808080;'>چاپ دیجیتال با دوام با استفاده از تکنولوژی مدرن DTG</span></li></ul>
ART-0719-HD,ART-0719-HD,گروه تارانتینو,publish,product,product,variable,سریال و فیلم باز>فیلم,#تارانتینو|#tarantino,120000,,120000,no,instock,ART-0719-HD-color9.jpg|ART-0719-HD-color8.jpg|ART-0719-HD-color2.jpg|ART-0719-HD-color5.jpg|ART-0719-HD-color10.jpg|ART-0719-TS-color1.jpg|ART-0719-TS-color1-men.jpg|ART-0719-TS-color1-women.jpg|ART-0719-TS-color2.jpg|ART-0719-TS-color2-men.jpg|ART-0719-TS-color2-women.jpg|ART-0719-TS-color3.jpg|ART-0719-TS-color3-men.jpg|ART-0719-TS-color3-women.jpg|ART-0719-TS-color4.jpg|ART-0719-TS-color4-men.jpg|ART-0719-TS-color4-women.jpg|ART-0719-TS-color5.jpg|ART-0719-TS-color5-men.jpg|ART-0719-TS-color5-women.jpg|ART-0719-TS-color6.jpg|ART-0719-TS-color6-men.jpg|ART-0719-TS-color6-women.jpg|ART-0719-TS-color7.jpg|ART-0719-TS-color7-men.jpg|ART-0719-TS-color7-women.jpg,تیشرت|هودی,هودی,1|1|1,خانم‌ها|آقایان,آقایان,2|1|1,ملانژ|مشکی|زرشکی|نارنجی|سرمه‌ای|سفید|خاکستری|آبی|زرد|سبز خاکی,نارنجی,3|1|1,M|L|XL|2XL|3XL,L,4|1|1,۱۰۰ درصد نخ پنبه,5|1|0,چاپ دیجیتال با دوام جوهرافشان با استفاده از تکنولوژی مدرن DTG,6|1|0,جهت شست و شو لباس را پشت و رو کرده و با آب زیر ۴۰ درجه بشویید، ترجیحا از پودر صابون جهت شست‌ و شو استفاده کنید,7|1|0,هودی,8|1|0,4.4,7,7,instock,<img src='https://artshirt.ir/wp-content/uploads/sizechart/TS-Size-Chart.jpg' style='display: block;margin-left: auto;margin-right: auto;'/>,<ul><li><span style='font-size: 12px; color: #808080;'>جنس ۱۰۰ درصد نخ پنبه</span></li><li><span style='font-size: 12px; color: #808080;'>چاپ دیجیتال با دوام با استفاده از تکنولوژی مدرن DTG</span></li></ul>
ART-0720-HD,ART-0720-HD,سیگار میا,publish,product,product,variable,سریال و فیلم باز>فیلم,#سیگار|#Pulp_fiction|#تارانتینو|#tarantino,120000,,120000,no,instock,ART-0720-HD-color2.jpg|ART-0720-HD-color8.jpg|ART-0720-HD-color5.jpg|ART-0720-HD-color9.jpg|ART-0720-HD-color10.jpg|ART-0720-TS-color1.jpg|ART-0720-TS-color1-men.jpg|ART-0720-TS-color1-women.jpg|ART-0720-TS-color2.jpg|ART-0720-TS-color2-men.jpg|ART-0720-TS-color2-women.jpg|ART-0720-TS-color3.jpg|ART-0720-TS-color3-men.jpg|ART-0720-TS-color3-women.jpg|ART-0720-TS-color4.jpg|ART-0720-TS-color4-men.jpg|ART-0720-TS-color4-women.jpg|ART-0720-TS-color5.jpg|ART-0720-TS-color5-men.jpg|ART-0720-TS-color5-women.jpg|ART-0720-TS-color6.jpg|ART-0720-TS-color6-men.jpg|ART-0720-TS-color6-women.jpg|ART-0720-TS-color7.jpg|ART-0720-TS-color7-men.jpg|ART-0720-TS-color7-women.jpg,تیشرت|هودی,هودی,1|1|1,خانم‌ها|آقایان,آقایان,2|1|1,ملانژ|مشکی|زرشکی|نارنجی|سرمه‌ای|سفید|خاکستری|آبی|زرد|سبز خاکی,مشکی,3|1|1,M|L|XL|2XL|3XL,L,4|1|1,۱۰۰ درصد نخ پنبه,5|1|0,چاپ دیجیتال با دوام جوهرافشان با استفاده از تکنولوژی مدرن DTG,6|1|0,جهت شست و شو لباس را پشت و رو کرده و با آب زیر ۴۰ درجه بشویید، ترجیحا از پودر صابون جهت شست‌ و شو استفاده کنید,7|1|0,هودی,8|1|0,4.2,5,5,instock,<img src='https://artshirt.ir/wp-content/uploads/sizechart/TS-Size-Chart.jpg' style='display: block;margin-left: auto;margin-right: auto;'/>,<ul><li><span style='font-size: 12px; color: #808080;'>جنس ۱۰۰ درصد نخ پنبه</span></li><li><span style='font-size: 12px; color: #808080;'>چاپ دیجیتال با دوام با استفاده از تکنولوژی مدرن DTG</span></li></ul>
ART-0721-HD,ART-0721-HD,فیلم Psycho,publish,product,product,variable,سریال و فیلم باز>فیلم,#Psycho|#هیچکاک|#alfred_hitchcock,120000,,120000,no,instock,ART-0721-HD-color5.jpg|ART-0721-HD-color8.jpg|ART-0721-HD-color2.jpg|ART-0721-HD-color9.jpg|ART-0721-HD-color10.jpg|ART-0721-TS-color1.jpg|ART-0721-TS-color1-men.jpg|ART-0721-TS-color1-women.jpg|ART-0721-TS-color2.jpg|ART-0721-TS-color2-men.jpg|ART-0721-TS-color2-women.jpg|ART-0721-TS-color3.jpg|ART-0721-TS-color3-men.jpg|ART-0721-TS-color3-women.jpg|ART-0721-TS-color4.jpg|ART-0721-TS-color4-men.jpg|ART-0721-TS-color4-women.jpg|ART-0721-TS-color5.jpg|ART-0721-TS-color5-men.jpg|ART-0721-TS-color5-women.jpg|ART-0721-TS-color6.jpg|ART-0721-TS-color6-men.jpg|ART-0721-TS-color6-women.jpg|ART-0721-TS-color7.jpg|ART-0721-TS-color7-men.jpg|ART-0721-TS-color7-women.jpg,تیشرت|هودی,هودی,1|1|1,خانم‌ها|آقایان,خانم‌ها,2|1|1,ملانژ|مشکی|زرشکی|نارنجی|سرمه‌ای|سفید|خاکستری|آبی|زرد|سبز خاکی,زرشکی,3|1|1,M|L|XL|2XL|3XL,L,4|1|1,۱۰۰ درصد نخ پنبه,5|1|0,چاپ دیجیتال با دوام جوهرافشان با استفاده از تکنولوژی مدرن DTG,6|1|0,جهت شست و شو لباس را پشت و رو کرده و با آب زیر ۴۰ درجه بشویید، ترجیحا از پودر صابون جهت شست‌ و شو استفاده کنید,7|1|0,هودی,8|1|0,4.8,7,7,instock,<img src='https://artshirt.ir/wp-content/uploads/sizechart/TS-Size-Chart.jpg' style='display: block;margin-left: auto;margin-right: auto;'/>,<ul><li><span style='font-size: 12px; color: #808080;'>جنس ۱۰۰ درصد نخ پنبه</span></li><li><span style='font-size: 12px; color: #808080;'>چاپ دیجیتال با دوام با استفاده از تکنولوژی مدرن DTG</span></li></ul>
ART-0724-HD,ART-0724-HD,سفینه فضای اودیسه,publish,product,product,variable,سریال و فیلم باز>فیلم,#space_odyssey|#کوبریک|#kubrick,120000,,120000,no,instock,ART-0724-HD-color9.jpg|ART-0724-HD-color8.jpg|ART-0724-HD-color2.jpg|ART-0724-HD-color5.jpg|ART-0724-HD-color10.jpg|ART-0724-TS-color1.jpg|ART-0724-TS-color1-men.jpg|ART-0724-TS-color1-women.jpg|ART-0724-TS-color2.jpg|ART-0724-TS-color2-men.jpg|ART-0724-TS-color2-women.jpg|ART-0724-TS-color3.jpg|ART-0724-TS-color3-men.jpg|ART-0724-TS-color3-women.jpg|ART-0724-TS-color4.jpg|ART-0724-TS-color4-men.jpg|ART-0724-TS-color4-women.jpg|ART-0724-TS-color5.jpg|ART-0724-TS-color5-men.jpg|ART-0724-TS-color5-women.jpg|ART-0724-TS-color6.jpg|ART-0724-TS-color6-men.jpg|ART-0724-TS-color6-women.jpg|ART-0724-TS-color7.jpg|ART-0724-TS-color7-men.jpg|ART-0724-TS-color7-women.jpg,تیشرت|هودی,هودی,1|1|1,خانم‌ها|آقایان,آقایان,2|1|1,ملانژ|مشکی|زرشکی|نارنجی|سرمه‌ای|سفید|خاکستری|آبی|زرد|سبز خاکی,نارنجی,3|1|1,M|L|XL|2XL|3XL,L,4|1|1,۱۰۰ درصد نخ پنبه,5|1|0,چاپ دیجیتال با دوام جوهرافشان با استفاده از تکنولوژی مدرن DTG,6|1|0,جهت شست و شو لباس را پشت و رو کرده و با آب زیر ۴۰ درجه بشویید، ترجیحا از پودر صابون جهت شست‌ و شو استفاده کنید,7|1|0,هودی,8|1|0,4.7,8,8,instock,<img src='https://artshirt.ir/wp-content/uploads/sizechart/TS-Size-Chart.jpg' style='display: block;margin-left: auto;margin-right: auto;'/>,<ul><li><span style='font-size: 12px; color: #808080;'>جنس ۱۰۰ درصد نخ پنبه</span></li><li><span style='font-size: 12px; color: #808080;'>چاپ دیجیتال با دوام با استفاده از تکنولوژی مدرن DTG</span></li></ul>
ART-0725-HD,ART-0725-HD,Breaking Bad 2,publish,product,product,variable,سریال و فیلم باز>سریال>Breaking bad,#Breaking_bad,120000,,120000,no,instock,ART-0725-HD-color5.jpg|ART-0725-HD-color8.jpg|ART-0725-HD-color2.jpg|ART-0725-HD-color9.jpg|ART-0725-HD-color10.jpg|ART-0725-TS-color1.jpg|ART-0725-TS-color1-men.jpg|ART-0725-TS-color1-women.jpg|ART-0725-TS-color2.jpg|ART-0725-TS-color2-men.jpg|ART-0725-TS-color2-women.jpg|ART-0725-TS-color3.jpg|ART-0725-TS-color3-men.jpg|ART-0725-TS-color3-women.jpg|ART-0725-TS-color4.jpg|ART-0725-TS-color4-men.jpg|ART-0725-TS-color4-women.jpg|ART-0725-TS-color5.jpg|ART-0725-TS-color5-men.jpg|ART-0725-TS-color5-women.jpg|ART-0725-TS-color6.jpg|ART-0725-TS-color6-men.jpg|ART-0725-TS-color6-women.jpg|ART-0725-TS-color7.jpg|ART-0725-TS-color7-men.jpg|ART-0725-TS-color7-women.jpg,تیشرت|هودی,هودی,1|1|1,خانم‌ها|آقایان,آقایان,2|1|1,ملانژ|مشکی|زرشکی|نارنجی|سرمه‌ای|سفید|خاکستری|آبی|زرد|سبز خاکی,زرشکی,3|1|1,M|L|XL|2XL|3XL,L,4|1|1,۱۰۰ درصد نخ پنبه,5|1|0,چاپ دیجیتال با دوام جوهرافشان با استفاده از تکنولوژی مدرن DTG,6|1|0,جهت شست و شو لباس را پشت و رو کرده و با آب زیر ۴۰ درجه بشویید، ترجیحا از پودر صابون جهت شست‌ و شو استفاده کنید,7|1|0,هودی,8|1|0,4.5,4,4,instock,<img src='https://artshirt.ir/wp-content/uploads/sizechart/TS-Size-Chart.jpg' style='display: block;margin-left: auto;margin-right: auto;'/>,<ul><li><span style='font-size: 12px; color: #808080;'>جنس ۱۰۰ درصد نخ پنبه</span></li><li><span style='font-size: 12px; color: #808080;'>چاپ دیجیتال با دوام با استفاده از تکنولوژی مدرن DTG</span></li></ul>
ART-0726-HD,ART-0726-HD,فصل دهم فرندز,publish,product,product,variable,سریال و فیلم باز>سریال>Friends,#تایپوگرافی|#Friends,120000,,120000,no,instock,ART-0726-HD-color8.jpg|ART-0726-HD-color2.jpg|ART-0726-HD-color5.jpg|ART-0726-HD-color9.jpg|ART-0726-HD-color10.jpg|ART-0726-TS-color1.jpg|ART-0726-TS-color1-men.jpg|ART-0726-TS-color1-women.jpg|ART-0726-TS-color2.jpg|ART-0726-TS-color2-men.jpg|ART-0726-TS-color2-women.jpg|ART-0726-TS-color3.jpg|ART-0726-TS-color3-men.jpg|ART-0726-TS-color3-women.jpg|ART-0726-TS-color4.jpg|ART-0726-TS-color4-men.jpg|ART-0726-TS-color4-women.jpg|ART-0726-TS-color5.jpg|ART-0726-TS-color5-men.jpg|ART-0726-TS-color5-women.jpg|ART-0726-TS-color6.jpg|ART-0726-TS-color6-men.jpg|ART-0726-TS-color6-women.jpg|ART-0726-TS-color7.jpg|ART-0726-TS-color7-men.jpg|ART-0726-TS-color7-women.jpg,تیشرت|هودی,هودی,1|1|1,خانم‌ها|آقایان,آقایان,2|1|1,ملانژ|مشکی|زرشکی|نارنجی|سرمه‌ای|سفید|خاکستری|آبی|زرد|سبز خاکی,ملانژ,3|1|1,M|L|XL|2XL|3XL,L,4|1|1,۱۰۰ درصد نخ پنبه,5|1|0,چاپ دیجیتال با دوام جوهرافشان با استفاده از تکنولوژی مدرن DTG,6|1|0,جهت شست و شو لباس را پشت و رو کرده و با آب زیر ۴۰ درجه بشویید، ترجیحا از پودر صابون جهت شست‌ و شو استفاده کنید,7|1|0,هودی,8|1|0,4.3,3,3,instock,<img src='https://artshirt.ir/wp-content/uploads/sizechart/TS-Size-Chart.jpg' style='display: block;margin-left: auto;margin-right: auto;'/>,<ul><li><span style='font-size: 12px; color: #808080;'>جنس ۱۰۰ درصد نخ پنبه</span></li><li><span style='font-size: 12px; color: #808080;'>چاپ دیجیتال با دوام با استفاده از تکنولوژی مدرن DTG</span></li></ul>
ART-0727-HD,ART-0727-HD,فصل اول فرندز,publish,product,product,variable,سریال و فیلم باز>سریال>Friends,#تایپوگرافی|#Friends,120000,,120000,no,instock,ART-0727-HD-color5.jpg|ART-0727-HD-color8.jpg|ART-0727-HD-color2.jpg|ART-0727-HD-color9.jpg|ART-0727-HD-color10.jpg|ART-0727-TS-color1.jpg|ART-0727-TS-color1-men.jpg|ART-0727-TS-color1-women.jpg|ART-0727-TS-color2.jpg|ART-0727-TS-color2-men.jpg|ART-0727-TS-color2-women.jpg|ART-0727-TS-color3.jpg|ART-0727-TS-color3-men.jpg|ART-0727-TS-color3-women.jpg|ART-0727-TS-color4.jpg|ART-0727-TS-color4-men.jpg|ART-0727-TS-color4-women.jpg|ART-0727-TS-color5.jpg|ART-0727-TS-color5-men.jpg|ART-0727-TS-color5-women.jpg|ART-0727-TS-color6.jpg|ART-0727-TS-color6-men.jpg|ART-0727-TS-color6-women.jpg|ART-0727-TS-color7.jpg|ART-0727-TS-color7-men.jpg|ART-0727-TS-color7-women.jpg,تیشرت|هودی,هودی,1|1|1,خانم‌ها|آقایان,آقایان,2|1|1,ملانژ|مشکی|زرشکی|نارنجی|سرمه‌ای|سفید|خاکستری|آبی|زرد|سبز خاکی,زرشکی,3|1|1,M|L|XL|2XL|3XL,L,4|1|1,۱۰۰ درصد نخ پنبه,5|1|0,چاپ دیجیتال با دوام جوهرافشان با استفاده از تکنولوژی مدرن DTG,6|1|0,جهت شست و شو لباس را پشت و رو کرده و با آب زیر ۴۰ درجه بشویید، ترجیحا از پودر صابون جهت شست‌ و شو استفاده کنید,7|1|0,هودی,8|1|0,4.0,7,7,instock,<img src='https://artshirt.ir/wp-content/uploads/sizechart/TS-Size-Chart.jpg' style='display: block;margin-left: auto;margin-right: auto;'/>,<ul><li><span style='font-size: 12px; color: #808080;'>جنس ۱۰۰ درصد نخ پنبه</span></li><li><span style='font-size: 12px; color: #808080;'>چاپ دیجیتال با دوام با استفاده از تکنولوژی مدرن DTG</span></li></ul>
ART-0728-HD,ART-0728-HD,فصل چهارم فرندز,publish,product,product,variable,سریال و فیلم باز>سریال>Friends,#تایپوگرافی|#Friends,120000,,120000,no,instock,ART-0728-HD-color8.jpg|ART-0728-HD-color2.jpg|ART-0728-HD-color5.jpg|ART-0728-HD-color9.jpg|ART-0728-HD-color10.jpg|ART-0728-TS-color1.jpg|ART-0728-TS-color1-men.jpg|ART-0728-TS-color1-women.jpg|ART-0728-TS-color2.jpg|ART-0728-TS-color2-men.jpg|ART-0728-TS-color2-women.jpg|ART-0728-TS-color3.jpg|ART-0728-TS-color3-men.jpg|ART-0728-TS-color3-women.jpg|ART-0728-TS-color4.jpg|ART-0728-TS-color4-men.jpg|ART-0728-TS-color4-women.jpg|ART-0728-TS-color5.jpg|ART-0728-TS-color5-men.jpg|ART-0728-TS-color5-women.jpg|ART-0728-TS-color6.jpg|ART-0728-TS-color6-men.jpg|ART-0728-TS-color6-women.jpg|ART-0728-TS-color7.jpg|ART-0728-TS-color7-men.jpg|ART-0728-TS-color7-women.jpg,تیشرت|هودی,هودی,1|1|1,خانم‌ها|آقایان,خانم‌ها,2|1|1,ملانژ|مشکی|زرشکی|نارنجی|سرمه‌ای|سفید|خاکستری|آبی|زرد|سبز خاکی,ملانژ,3|1|1,M|L|XL|2XL|3XL,L,4|1|1,۱۰۰ درصد نخ پنبه,5|1|0,چاپ دیجیتال با دوام جوهرافشان با استفاده از تکنولوژی مدرن DTG,6|1|0,جهت شست و شو لباس را پشت و رو کرده و با آب زیر ۴۰ درجه بشویید، ترجیحا از پودر صابون جهت شست‌ و شو استفاده کنید,7|1|0,هودی,8|1|0,4.6,2,2,instock,<img src='https://artshirt.ir/wp-content/uploads/sizechart/TS-Size-Chart.jpg' style='display: block;margin-left: auto;margin-right: auto;'/>,<ul><li><span style='font-size: 12px; color: #808080;'>جنس ۱۰۰ درصد نخ پنبه</span></li><li><span style='font-size: 12px; color: #808080;'>چاپ دیجیتال با دوام با استفاده از تکنولوژی مدرن DTG</span></li></ul>
ART-0729-HD,ART-0729-HD,فصل سوم فرندز,publish,product,product,variable,سریال و فیلم باز>سریال>Friends,#تایپوگرافی|#Friends,120000,,120000,no,instock,ART-0729-HD-color2.jpg|ART-0729-HD-color8.jpg|ART-0729-HD-color5.jpg|ART-0729-HD-color9.jpg|ART-0729-HD-color10.jpg|ART-0729-TS-color1.jpg|ART-0729-TS-color1-men.jpg|ART-0729-TS-color1-women.jpg|ART-0729-TS-color2.jpg|ART-0729-TS-color2-men.jpg|ART-0729-TS-color2-women.jpg|ART-0729-TS-color3.jpg|ART-0729-TS-color3-men.jpg|ART-0729-TS-color3-women.jpg|ART-0729-TS-color4.jpg|ART-0729-TS-color4-men.jpg|ART-0729-TS-color4-women.jpg|ART-0729-TS-color5.jpg|ART-0729-TS-color5-men.jpg|ART-0729-TS-color5-women.jpg|ART-0729-TS-color6.jpg|ART-0729-TS-color6-men.jpg|ART-0729-TS-color6-women.jpg|ART-0729-TS-color7.jpg|ART-0729-TS-color7-men.jpg|ART-0729-TS-color7-women.jpg,تیشرت|هودی,هودی,1|1|1,خانم‌ها|آقایان,آقایان,2|1|1,ملانژ|مشکی|زرشکی|نارنجی|سرمه‌ای|سفید|خاکستری|آبی|زرد|سبز خاکی,مشکی,3|1|1,M|L|XL|2XL|3XL,L,4|1|1,۱۰۰ درصد نخ پنبه,5|1|0,چاپ دیجیتال با دوام جوهرافشان با استفاده از تکنولوژی مدرن DTG,6|1|0,جهت شست و شو لباس را پشت و رو کرده و با آب زیر ۴۰ درجه بشویید، ترجیحا از پودر صابون جهت شست‌ و شو استفاده کنید,7|1|0,هودی,8|1|0,4.0,2,2,instock,<img src='https://artshirt.ir/wp-content/uploads/sizechart/TS-Size-Chart.jpg' style='display: block;margin-left: auto;margin-right: auto;'/>,<ul><li><span style='font-size: 12px; color: #808080;'>جنس ۱۰۰ درصد نخ پنبه</span></li><li><span style='font-size: 12px; color: #808080;'>چاپ دیجیتال با دوام با استفاده از تکنولوژی مدرن DTG</span></li></ul>
ART-0730-HD,ART-0730-HD,فصل دوم فرندز,publish,product,product,variable,سریال و فیلم باز>سریال>Friends,#تایپوگرافی|#Friends,120000,,120000,no,instock,ART-0730-HD-color8.jpg|ART-0730-HD-color2.jpg|ART-0730-HD-color5.jpg|ART-0730-HD-color9.jpg|ART-0730-HD-color10.jpg|ART-0730-TS-color1.jpg|ART-0730-TS-color1-men.jpg|ART-0730-TS-color1-women.jpg|ART-0730-TS-color2.jpg|ART-0730-TS-color2-men.jpg|ART-0730-TS-color2-women.jpg|ART-0730-TS-color3.jpg|ART-0730-TS-color3-men.jpg|ART-0730-TS-color3-women.jpg|ART-0730-TS-color4.jpg|ART-0730-TS-color4-men.jpg|ART-0730-TS-color4-women.jpg|ART-0730-TS-color5.jpg|ART-0730-TS-color5-men.jpg|ART-0730-TS-color5-women.jpg|ART-0730-TS-color6.jpg|ART-0730-TS-color6-men.jpg|ART-0730-TS-color6-women.jpg|ART-0730-TS-color7.jpg|ART-0730-TS-color7-men.jpg|ART-0730-TS-color7-women.jpg,تیشرت|هودی,هودی,1|1|1,خانم‌ها|آقایان,خانم‌ها,2|1|1,ملانژ|مشکی|زرشکی|نارنجی|سرمه‌ای|سفید|خاکستری|آبی|زرد|سبز خاکی,ملانژ,3|1|1,M|L|XL|2XL|3XL,L,4|1|1,۱۰۰ درصد نخ پنبه,5|1|0,چاپ دیجیتال با دوام جوهرافشان با استفاده از تکنولوژی مدرن DTG,6|1|0,جهت شست و شو لباس را پشت و رو کرده و با آب زیر ۴۰ درجه بشویید، ترجیحا از پودر صابون جهت شست‌ و شو استفاده کنید,7|1|0,هودی,8|1|0,4.0,3,3,instock,<img src='https://artshirt.ir/wp-content/uploads/sizechart/TS-Size-Chart.jpg' style='display: block;margin-left: auto;margin-right: auto;'/>,<ul><li><span style='font-size: 12px; color: #808080;'>جنس ۱۰۰ درصد نخ پنبه</span></li><li><span style='font-size: 12px; color: #808080;'>چاپ دیجیتال با دوام با استفاده از تکنولوژی مدرن DTG</span></li></ul>
ART-0731-HD,ART-0731-HD,همراه همیشگی,publish,product,product,variable,سریال و فیلم باز>سریال>Friends,#تایپوگرافی|#Friends,120000,,120000,no,instock,ART-0731-HD-color5.jpg|ART-0731-HD-color8.jpg|ART-0731-HD-color2.jpg|ART-0731-HD-color9.jpg|ART-0731-HD-color10.jpg|ART-0731-TS-color1.jpg|ART-0731-TS-color1-men.jpg|ART-0731-TS-color1-women.jpg|ART-0731-TS-color2.jpg|ART-0731-TS-color2-men.jpg|ART-0731-TS-color2-women.jpg|ART-0731-TS-color3.jpg|ART-0731-TS-color3-men.jpg|ART-0731-TS-color3-women.jpg|ART-0731-TS-color4.jpg|ART-0731-TS-color4-men.jpg|ART-0731-TS-color4-women.jpg|ART-0731-TS-color5.jpg|ART-0731-TS-color5-men.jpg|ART-0731-TS-color5-women.jpg|ART-0731-TS-color6.jpg|ART-0731-TS-color6-men.jpg|ART-0731-TS-color6-women.jpg|ART-0731-TS-color7.jpg|ART-0731-TS-color7-men.jpg|ART-0731-TS-color7-women.jpg,تیشرت|هودی,هودی,1|1|1,خانم‌ها|آقایان,خانم‌ها,2|1|1,ملانژ|مشکی|زرشکی|نارنجی|سرمه‌ای|سفید|خاکستری|آبی|زرد|سبز خاکی,زرشکی,3|1|1,M|L|XL|2XL|3XL,L,4|1|1,۱۰۰ درصد نخ پنبه,5|1|0,چاپ دیجیتال با دوام جوهرافشان با استفاده از تکنولوژی مدرن DTG,6|1|0,جهت شست و شو لباس را پشت و رو کرده و با آب زیر ۴۰ درجه بشویید، ترجیحا از پودر صابون جهت شست‌ و شو استفاده کنید,7|1|0,هودی,8|1|0,4.0,8,8,instock,<img src='https://artshirt.ir/wp-content/uploads/sizechart/TS-Size-Chart.jpg' style='display: block;margin-left: auto;margin-right: auto;'/>,<ul><li><span style='font-size: 12px; color: #808080;'>جنس ۱۰۰ درصد نخ پنبه</span></li><li><span style='font-size: 12px; color: #808080;'>چاپ دیجیتال با دوام با استفاده از تکنولوژی مدرن DTG</span></li></ul>
ART-0732-HD,ART-0732-HD,فصل هفتم فرندز,publish,product,product,variable,سریال و فیلم باز>سریال>Friends,#تایپوگرافی|#Friends,120000,,120000,no,instock,ART-0732-HD-color5.jpg|ART-0732-HD-color8.jpg|ART-0732-HD-color2.jpg|ART-0732-HD-color9.jpg|ART-0732-HD-color10.jpg|ART-0732-TS-color1.jpg|ART-0732-TS-color1-men.jpg|ART-0732-TS-color1-women.jpg|ART-0732-TS-color2.jpg|ART-0732-TS-color2-men.jpg|ART-0732-TS-color2-women.jpg|ART-0732-TS-color3.jpg|ART-0732-TS-color3-men.jpg|ART-0732-TS-color3-women.jpg|ART-0732-TS-color4.jpg|ART-0732-TS-color4-men.jpg|ART-0732-TS-color4-women.jpg|ART-0732-TS-color5.jpg|ART-0732-TS-color5-men.jpg|ART-0732-TS-color5-women.jpg|ART-0732-TS-color6.jpg|ART-0732-TS-color6-men.jpg|ART-0732-TS-color6-women.jpg|ART-0732-TS-color7.jpg|ART-0732-TS-color7-men.jpg|ART-0732-TS-color7-women.jpg,تیشرت|هودی,هودی,1|1|1,خانم‌ها|آقایان,آقایان,2|1|1,ملانژ|مشکی|زرشکی|نارنجی|سرمه‌ای|سفید|خاکستری|آبی|زرد|سبز خاکی,زرشکی,3|1|1,M|L|XL|2XL|3XL,L,4|1|1,۱۰۰ درصد نخ پنبه,5|1|0,چاپ دیجیتال با دوام جوهرافشان با استفاده از تکنولوژی مدرن DTG,6|1|0,جهت شست و شو لباس را پشت و رو کرده و با آب زیر ۴۰ درجه بشویید، ترجیحا از پودر صابون جهت شست‌ و شو استفاده کنید,7|1|0,هودی,8|1|0,4.6,5,5,instock,<img src='https://artshirt.ir/wp-content/uploads/sizechart/TS-Size-Chart.jpg' style='display: block;margin-left: auto;margin-right: auto;'/>,<ul><li><span style='font-size: 12px; color: #808080;'>جنس ۱۰۰ درصد نخ پنبه</span></li><li><span style='font-size: 12px; color: #808080;'>چاپ دیجیتال با دوام با استفاده از تکنولوژی مدرن DTG</span></li></ul>
ART-0733-HD,ART-0733-HD,چشمان قرمز میا,publish,product,product,variable,سریال و فیلم باز>فیلم,#سیگار|#Pulp_fiction|#تارانتینو|#tarantino,120000,,120000,no,instock,ART-0733-HD-color10.jpg|ART-0733-HD-color8.jpg|ART-0733-HD-color2.jpg|ART-0733-HD-color5.jpg|ART-0733-HD-color9.jpg|ART-0733-TS-color1.jpg|ART-0733-TS-color1-men.jpg|ART-0733-TS-color1-women.jpg|ART-0733-TS-color2.jpg|ART-0733-TS-color2-men.jpg|ART-0733-TS-color2-women.jpg|ART-0733-TS-color3.jpg|ART-0733-TS-color3-men.jpg|ART-0733-TS-color3-women.jpg|ART-0733-TS-color4.jpg|ART-0733-TS-color4-men.jpg|ART-0733-TS-color4-women.jpg|ART-0733-TS-color5.jpg|ART-0733-TS-color5-men.jpg|ART-0733-TS-color5-women.jpg|ART-0733-TS-color6.jpg|ART-0733-TS-color6-men.jpg|ART-0733-TS-color6-women.jpg|ART-0733-TS-color7.jpg|ART-0733-TS-color7-men.jpg|ART-0733-TS-color7-women.jpg,تیشرت|هودی,هودی,1|1|1,خانم‌ها|آقایان,خانم‌ها,2|1|1,ملانژ|مشکی|زرشکی|نارنجی|سرمه‌ای|سفید|خاکستری|آبی|زرد|سبز خاکی,سرمه‌ای,3|1|1,M|L|XL|2XL|3XL,L,4|1|1,۱۰۰ درصد نخ پنبه,5|1|0,چاپ دیجیتال با دوام جوهرافشان با استفاده از تکنولوژی مدرن DTG,6|1|0,جهت شست و شو لباس را پشت و رو کرده و با آب زیر ۴۰ درجه بشویید، ترجیحا از پودر صابون جهت شست‌ و شو استفاده کنید,7|1|0,هودی,8|1|0,4.3,4,4,instock,<img src='https://artshirt.ir/wp-content/uploads/sizechart/TS-Size-Chart.jpg' style='display: block;margin-left: auto;margin-right: auto;'/>,<ul><li><span style='font-size: 12px; color: #808080;'>جنس ۱۰۰ درصد نخ پنبه</span></li><li><span style='font-size: 12px; color: #808080;'>چاپ دیجیتال با دوام با استفاده از تکنولوژی مدرن DTG</span></li></ul>
ART-0734-HD,ART-0734-HD,گروه کوبریک,publish,product,product,variable,سریال و فیلم باز>فیلم,#کوبریک|#kubrick,120000,,120000,no,instock,ART-0734-HD-color2.jpg|ART-0734-HD-color8.jpg|ART-0734-HD-color5.jpg|ART-0734-HD-color9.jpg|ART-0734-HD-color10.jpg|ART-0734-TS-color1.jpg|ART-0734-TS-color1-men.jpg|ART-0734-TS-color1-women.jpg|ART-0734-TS-color2.jpg|ART-0734-TS-color2-men.jpg|ART-0734-TS-color2-women.jpg|ART-0734-TS-color3.jpg|ART-0734-TS-color3-men.jpg|ART-0734-TS-color3-women.jpg|ART-0734-TS-color4.jpg|ART-0734-TS-color4-men.jpg|ART-0734-TS-color4-women.jpg|ART-0734-TS-color5.jpg|ART-0734-TS-color5-men.jpg|ART-0734-TS-color5-women.jpg|ART-0734-TS-color6.jpg|ART-0734-TS-color6-men.jpg|ART-0734-TS-color6-women.jpg|ART-0734-TS-color7.jpg|ART-0734-TS-color7-men.jpg|ART-0734-TS-color7-women.jpg,تیشرت|هودی,هودی,1|1|1,خانم‌ها|آقایان,آقایان,2|1|1,ملانژ|مشکی|زرشکی|نارنجی|سرمه‌ای|سفید|خاکستری|آبی|زرد|سبز خاکی,مشکی,3|1|1,M|L|XL|2XL|3XL,L,4|1|1,۱۰۰ درصد نخ پنبه,5|1|0,چاپ دیجیتال با دوام جوهرافشان با استفاده از تکنولوژی مدرن DTG,6|1|0,جهت شست و شو لباس را پشت و رو کرده و با آب زیر ۴۰ درجه بشویید، ترجیحا از پودر صابون جهت شست‌ و شو استفاده کنید,7|1|0,هودی,8|1|0,4.7,10,10,instock,<img src='https://artshirt.ir/wp-content/uploads/sizechart/TS-Size-Chart.jpg' style='display: block;margin-left: auto;margin-right: auto;'/>,<ul><li><span style='font-size: 12px; color: #808080;'>جنس ۱۰۰ درصد نخ پنبه</span></li><li><span style='font-size: 12px; color: #808080;'>چاپ دیجیتال با دوام با استفاده از تکنولوژی مدرن DTG</span></li></ul>
ART-0735-HD,ART-0735-HD,مورتی فراتر از زمان,publish,product,product,variable,سریال و فیلم باز>انیمیشن و کمیک>Rick and Morty,,120000,,120000,no,instock,ART-0735-HD-color5.jpg|ART-0735-HD-color8.jpg|ART-0735-HD-color2.jpg|ART-0735-HD-color9.jpg|ART-0735-HD-color10.jpg|ART-0735-TS-color1.jpg|ART-0735-TS-color1-men.jpg|ART-0735-TS-color1-women.jpg|ART-0735-TS-color2.jpg|ART-0735-TS-color2-men.jpg|ART-0735-TS-color2-women.jpg|ART-0735-TS-color3.jpg|ART-0735-TS-color3-men.jpg|ART-0735-TS-color3-women.jpg|ART-0735-TS-color4.jpg|ART-0735-TS-color4-men.jpg|ART-0735-TS-color4-women.jpg|ART-0735-TS-color5.jpg|ART-0735-TS-color5-men.jpg|ART-0735-TS-color5-women.jpg|ART-0735-TS-color6.jpg|ART-0735-TS-color6-men.jpg|ART-0735-TS-color6-women.jpg|ART-0735-TS-color7.jpg|ART-0735-TS-color7-men.jpg|ART-0735-TS-color7-women.jpg,تیشرت|هودی,هودی,1|1|1,خانم‌ها|آقایان,خانم‌ها,2|1|1,ملانژ|مشکی|زرشکی|نارنجی|سرمه‌ای|سفید|خاکستری|آبی|زرد|سبز خاکی,زرشکی,3|1|1,M|L|XL|2XL|3XL,L,4|1|1,۱۰۰ درصد نخ پنبه,5|1|0,چاپ دیجیتال با دوام جوهرافشان با استفاده از تکنولوژی مدرن DTG,6|1|0,جهت شست و شو لباس را پشت و رو کرده و با آب زیر ۴۰ درجه بشویید، ترجیحا از پودر صابون جهت شست‌ و شو استفاده کنید,7|1|0,هودی,8|1|0,4.8,9,9,instock,<img src='https://artshirt.ir/wp-content/uploads/sizechart/TS-Size-Chart.jpg' style='display: block;margin-left: auto;margin-right: auto;'/>,<ul><li><span style='font-size: 12px; color: #808080;'>جنس ۱۰۰ درصد نخ پنبه</span></li><li><span style='font-size: 12px; color: #808080;'>چاپ دیجیتال با دوام با استفاده از تکنولوژی مدرن DTG</span></li></ul>
ART-0736-HD,ART-0736-HD,فصل پنجم فرندز,publish,product,product,variable,سریال و فیلم باز>سریال>Friends,#تایپوگرافی|#Friends,120000,,120000,no,instock,ART-0736-HD-color5.jpg|ART-0736-HD-color8.jpg|ART-0736-HD-color2.jpg|ART-0736-HD-color9.jpg|ART-0736-HD-color10.jpg|ART-0736-TS-color1.jpg|ART-0736-TS-color1-men.jpg|ART-0736-TS-color1-women.jpg|ART-0736-TS-color2.jpg|ART-0736-TS-color2-men.jpg|ART-0736-TS-color2-women.jpg|ART-0736-TS-color3.jpg|ART-0736-TS-color3-men.jpg|ART-0736-TS-color3-women.jpg|ART-0736-TS-color4.jpg|ART-0736-TS-color4-men.jpg|ART-0736-TS-color4-women.jpg|ART-0736-TS-color5.jpg|ART-0736-TS-color5-men.jpg|ART-0736-TS-color5-women.jpg|ART-0736-TS-color6.jpg|ART-0736-TS-color6-men.jpg|ART-0736-TS-color6-women.jpg|ART-0736-TS-color7.jpg|ART-0736-TS-color7-men.jpg|ART-0736-TS-color7-women.jpg,تیشرت|هودی,هودی,1|1|1,خانم‌ها|آقایان,خانم‌ها,2|1|1,ملانژ|مشکی|زرشکی|نارنجی|سرمه‌ای|سفید|خاکستری|آبی|زرد|سبز خاکی,زرشکی,3|1|1,M|L|XL|2XL|3XL,L,4|1|1,۱۰۰ درصد نخ پنبه,5|1|0,چاپ دیجیتال با دوام جوهرافشان با استفاده از تکنولوژی مدرن DTG,6|1|0,جهت شست و شو لباس را پشت و رو کرده و با آب زیر ۴۰ درجه بشویید، ترجیحا از پودر صابون جهت شست‌ و شو استفاده کنید,7|1|0,هودی,8|1|0,4.0,3,3,instock,<img src='https://artshirt.ir/wp-content/uploads/sizechart/TS-Size-Chart.jpg' style='display: block;margin-left: auto;margin-right: auto;'/>,<ul><li><span style='font-size: 12px; color: #808080;'>جنس ۱۰۰ درصد نخ پنبه</span></li><li><span style='font-size: 12px; color: #808080;'>چاپ دیجیتال با دوام با استفاده از تکنولوژی مدرن DTG</span></li></ul>
ART-0737-HD,ART-0737-HD,فصل ششم فرندز,publish,product,product,variable,سریال و فیلم باز>سریال>Friends,#تایپوگرافی|#Friends,120000,,120000,no,instock,ART-0737-HD-color2.jpg|ART-0737-HD-color8.jpg|ART-0737-HD-color5.jpg|ART-0737-HD-color9.jpg|ART-0737-HD-color10.jpg|ART-0737-TS-color1.jpg|ART-0737-TS-color1-men.jpg|ART-0737-TS-color1-women.jpg|ART-0737-TS-color2.jpg|ART-0737-TS-color2-men.jpg|ART-0737-TS-color2-women.jpg|ART-0737-TS-color3.jpg|ART-0737-TS-color3-men.jpg|ART-0737-TS-color3-women.jpg|ART-0737-TS-color4.jpg|ART-0737-TS-color4-men.jpg|ART-0737-TS-color4-women.jpg|ART-0737-TS-color5.jpg|ART-0737-TS-color5-men.jpg|ART-0737-TS-color5-women.jpg|ART-0737-TS-color6.jpg|ART-0737-TS-color6-men.jpg|ART-0737-TS-color6-women.jpg|ART-0737-TS-color7.jpg|ART-0737-TS-color7-men.jpg|ART-0737-TS-color7-women.jpg,تیشرت|هودی,هودی,1|1|1,خانم‌ها|آقایان,خانم‌ها,2|1|1,ملانژ|مشکی|زرشکی|نارنجی|سرمه‌ای|سفید|خاکستری|آبی|زرد|سبز خاکی,مشکی,3|1|1,M|L|XL|2XL|3XL,L,4|1|1,۱۰۰ درصد نخ پنبه,5|1|0,چاپ دیجیتال با دوام جوهرافشان با استفاده از تکنولوژی مدرن DTG,6|1|0,جهت شست و شو لباس را پشت و رو کرده و با آب زیر ۴۰ درجه بشویید، ترجیحا از پودر صابون جهت شست‌ و شو استفاده کنید,7|1|0,هودی,8|1|0,4.9,3,3,instock,<img src='https://artshirt.ir/wp-content/uploads/sizechart/TS-Size-Chart.jpg' style='display: block;margin-left: auto;margin-right: auto;'/>,<ul><li><span style='font-size: 12px; color: #808080;'>جنس ۱۰۰ درصد نخ پنبه</span></li><li><span style='font-size: 12px; color: #808080;'>چاپ دیجیتال با دوام با استفاده از تکنولوژی مدرن DTG</span></li></ul>
ART-0738-HD,ART-0738-HD,فصل هشتم فرندز,publish,product,product,variable,سریال و فیلم باز>سریال>Friends,#تایپوگرافی|#Friends,120000,,120000,no,instock,ART-0738-HD-color10.jpg|ART-0738-HD-color8.jpg|ART-0738-HD-color2.jpg|ART-0738-HD-color5.jpg|ART-0738-HD-color9.jpg|ART-0738-TS-color1.jpg|ART-0738-TS-color1-men.jpg|ART-0738-TS-color1-women.jpg|ART-0738-TS-color2.jpg|ART-0738-TS-color2-men.jpg|ART-0738-TS-color2-women.jpg|ART-0738-TS-color3.jpg|ART-0738-TS-color3-men.jpg|ART-0738-TS-color3-women.jpg|ART-0738-TS-color4.jpg|ART-0738-TS-color4-men.jpg|ART-0738-TS-color4-women.jpg|ART-0738-TS-color5.jpg|ART-0738-TS-color5-men.jpg|ART-0738-TS-color5-women.jpg|ART-0738-TS-color6.jpg|ART-0738-TS-color6-men.jpg|ART-0738-TS-color6-women.jpg|ART-0738-TS-color7.jpg|ART-0738-TS-color7-men.jpg|ART-0738-TS-color7-women.jpg,تیشرت|هودی,هودی,1|1|1,خانم‌ها|آقایان,آقایان,2|1|1,ملانژ|مشکی|زرشکی|نارنجی|سرمه‌ای|سفید|خاکستری|آبی|زرد|سبز خاکی,سرمه‌ای,3|1|1,M|L|XL|2XL|3XL,L,4|1|1,۱۰۰ درصد نخ پنبه,5|1|0,چاپ دیجیتال با دوام جوهرافشان با استفاده از تکنولوژی مدرن DTG,6|1|0,جهت شست و شو لباس را پشت و رو کرده و با آب زیر ۴۰ درجه بشویید، ترجیحا از پودر صابون جهت شست‌ و شو استفاده کنید,7|1|0,هودی,8|1|0,4.4,9,9,instock,<img src='https://artshirt.ir/wp-content/uploads/sizechart/TS-Size-Chart.jpg' style='display: block;margin-left: auto;margin-right: auto;'/>,<ul><li><span style='font-size: 12px; color: #808080;'>جنس ۱۰۰ درصد نخ پنبه</span></li><li><span style='font-size: 12px; color: #808080;'>چاپ دیجیتال با دوام با استفاده از تکنولوژی مدرن DTG</span></li></ul>
ART-0739-HD,ART-0739-HD,فصل نهم فرندز,publish,product,product,variable,سریال و فیلم باز>سریال>Friends,#تایپوگرافی|#Friends,120000,,120000,no,instock,ART-0739-HD-color2.jpg|ART-0739-HD-color8.jpg|ART-0739-HD-color5.jpg|ART-0739-HD-color9.jpg|ART-0739-HD-color10.jpg|ART-0739-TS-color1.jpg|ART-0739-TS-color1-men.jpg|ART-0739-TS-color1-women.jpg|ART-0739-TS-color2.jpg|ART-0739-TS-color2-men.jpg|ART-0739-TS-color2-women.jpg|ART-0739-TS-color3.jpg|ART-0739-TS-color3-men.jpg|ART-0739-TS-color3-women.jpg|ART-0739-TS-color4.jpg|ART-0739-TS-color4-men.jpg|ART-0739-TS-color4-women.jpg|ART-0739-TS-color5.jpg|ART-0739-TS-color5-men.jpg|ART-0739-TS-color5-women.jpg|ART-0739-TS-color6.jpg|ART-0739-TS-color6-men.jpg|ART-0739-TS-color6-women.jpg|ART-0739-TS-color7.jpg|ART-0739-TS-color7-men.jpg|ART-0739-TS-color7-women.jpg,تیشرت|هودی,هودی,1|1|1,خانم‌ها|آقایان,خانم‌ها,2|1|1,ملانژ|مشکی|زرشکی|نارنجی|سرمه‌ای|سفید|خاکستری|آبی|زرد|سبز خاکی,مشکی,3|1|1,M|L|XL|2XL|3XL,L,4|1|1,۱۰۰ درصد نخ پنبه,5|1|0,چاپ دیجیتال با دوام جوهرافشان با استفاده از تکنولوژی مدرن DTG,6|1|0,جهت شست و شو لباس را پشت و رو کرده و با آب زیر ۴۰ درجه بشویید، ترجیحا از پودر صابون جهت شست‌ و شو استفاده کنید,7|1|0,هودی,8|1|0,4.0,10,10,instock,<img src='https://artshirt.ir/wp-content/uploads/sizechart/TS-Size-Chart.jpg' style='display: block;margin-left: auto;margin-right: auto;'/>,<ul><li><span style='font-size: 12px; color: #808080;'>جنس ۱۰۰ درصد نخ پنبه</span></li><li><span style='font-size: 12px; color: #808080;'>چاپ دیجیتال با دوام با استفاده از تکنولوژی مدرن DTG</span></li></ul>
ART-0740-HD,ART-0740-HD,پنیر عکاس,publish,product,product,variable,کار و تحصیل>عکاس,#فان,120000,,120000,no,instock,ART-0740-HD-color9.jpg|ART-0740-HD-color8.jpg|ART-0740-HD-color2.jpg|ART-0740-HD-color5.jpg|ART-0740-HD-color10.jpg|ART-0740-TS-color1.jpg|ART-0740-TS-color1-men.jpg|ART-0740-TS-color1-women.jpg|ART-0740-TS-color2.jpg|ART-0740-TS-color2-men.jpg|ART-0740-TS-color2-women.jpg|ART-0740-TS-color3.jpg|ART-0740-TS-color3-men.jpg|ART-0740-TS-color3-women.jpg|ART-0740-TS-color4.jpg|ART-0740-TS-color4-men.jpg|ART-0740-TS-color4-women.jpg|ART-0740-TS-color5.jpg|ART-0740-TS-color5-men.jpg|ART-0740-TS-color5-women.jpg|ART-0740-TS-color6.jpg|ART-0740-TS-color6-men.jpg|ART-0740-TS-color6-women.jpg|ART-0740-TS-color7.jpg|ART-0740-TS-color7-men.jpg|ART-0740-TS-color7-women.jpg,تیشرت|هودی,هودی,1|1|1,خانم‌ها|آقایان,آقایان,2|1|1,ملانژ|مشکی|زرشکی|نارنجی|سرمه‌ای|سفید|خاکستری|آبی|زرد|سبز خاکی,نارنجی,3|1|1,M|L|XL|2XL|3XL,L,4|1|1,۱۰۰ درصد نخ پنبه,5|1|0,چاپ دیجیتال با دوام جوهرافشان با استفاده از تکنولوژی مدرن DTG,6|1|0,جهت شست و شو لباس را پشت و رو کرده و با آب زیر ۴۰ درجه بشویید، ترجیحا از پودر صابون جهت شست‌ و شو استفاده کنید,7|1|0,هودی,8|1|0,5.0,6,6,instock,<img src='https://artshirt.ir/wp-content/uploads/sizechart/TS-Size-Chart.jpg' style='display: block;margin-left: auto;margin-right: auto;'/>,<ul><li><span style='font-size: 12px; color: #808080;'>جنس ۱۰۰ درصد نخ پنبه</span></li><li><span style='font-size: 12px; color: #808080;'>چاپ دیجیتال با دوام با استفاده از تکنولوژی مدرن DTG</span></li></ul>
ART-0741-HD,ART-0741-HD,فرار از زندان,publish,product,product,variable,کار و تحصیل>برنامه‌نویس,#فان,120000,,120000,no,instock,ART-0741-HD-color8.jpg|ART-0741-HD-color2.jpg|ART-0741-HD-color5.jpg|ART-0741-HD-color9.jpg|ART-0741-HD-color10.jpg|ART-0741-TS-color1.jpg|ART-0741-TS-color1-men.jpg|ART-0741-TS-color1-women.jpg|ART-0741-TS-color2.jpg|ART-0741-TS-color2-men.jpg|ART-0741-TS-color2-women.jpg|ART-0741-TS-color3.jpg|ART-0741-TS-color3-men.jpg|ART-0741-TS-color3-women.jpg|ART-0741-TS-color4.jpg|ART-0741-TS-color4-men.jpg|ART-0741-TS-color4-women.jpg|ART-0741-TS-color5.jpg|ART-0741-TS-color5-men.jpg|ART-0741-TS-color5-women.jpg|ART-0741-TS-color6.jpg|ART-0741-TS-color6-men.jpg|ART-0741-TS-color6-women.jpg|ART-0741-TS-color7.jpg|ART-0741-TS-color7-men.jpg|ART-0741-TS-color7-women.jpg,تیشرت|هودی,هودی,1|1|1,خانم‌ها|آقایان,خانم‌ها,2|1|1,ملانژ|مشکی|زرشکی|نارنجی|سرمه‌ای|سفید|خاکستری|آبی|زرد|سبز خاکی,ملانژ,3|1|1,M|L|XL|2XL|3XL,L,4|1|1,۱۰۰ درصد نخ پنبه,5|1|0,چاپ دیجیتال با دوام جوهرافشان با استفاده از تکنولوژی مدرن DTG,6|1|0,جهت شست و شو لباس را پشت و رو کرده و با آب زیر ۴۰ درجه بشویید، ترجیحا از پودر صابون جهت شست‌ و شو استفاده کنید,7|1|0,هودی,8|1|0,4.5,4,4,instock,<img src='https://artshirt.ir/wp-content/uploads/sizechart/TS-Size-Chart.jpg' style='display: block;margin-left: auto;margin-right: auto;'/>,<ul><li><span style='font-size: 12px; color: #808080;'>جنس ۱۰۰ درصد نخ پنبه</span></li><li><span style='font-size: 12px; color: #808080;'>چاپ دیجیتال با دوام با استفاده از تکنولوژی مدرن DTG</span></li></ul>
ART-0742-HD,ART-0742-HD,پلیس کیبورد,publish,product,product,variable,کار و تحصیل>برنامه‌نویس,#فان,120000,,120000,no,instock,ART-0742-HD-color5.jpg|ART-0742-HD-color8.jpg|ART-0742-HD-color2.jpg|ART-0742-HD-color9.jpg|ART-0742-HD-color10.jpg|ART-0742-TS-color1.jpg|ART-0742-TS-color1-men.jpg|ART-0742-TS-color1-women.jpg|ART-0742-TS-color2.jpg|ART-0742-TS-color2-men.jpg|ART-0742-TS-color2-women.jpg|ART-0742-TS-color3.jpg|ART-0742-TS-color3-men.jpg|ART-0742-TS-color3-women.jpg|ART-0742-TS-color4.jpg|ART-0742-TS-color4-men.jpg|ART-0742-TS-color4-women.jpg|ART-0742-TS-color5.jpg|ART-0742-TS-color5-men.jpg|ART-0742-TS-color5-women.jpg|ART-0742-TS-color6.jpg|ART-0742-TS-color6-men.jpg|ART-0742-TS-color6-women.jpg|ART-0742-TS-color7.jpg|ART-0742-TS-color7-men.jpg|ART-0742-TS-color7-women.jpg,تیشرت|هودی,هودی,1|1|1,خانم‌ها|آقایان,آقایان,2|1|1,ملانژ|مشکی|زرشکی|نارنجی|سرمه‌ای|سفید|خاکستری|آبی|زرد|سبز خاکی,زرشکی,3|1|1,M|L|XL|2XL|3XL,L,4|1|1,۱۰۰ درصد نخ پنبه,5|1|0,چاپ دیجیتال با دوام جوهرافشان با استفاده از تکنولوژی مدرن DTG,6|1|0,جهت شست و شو لباس را پشت و رو کرده و با آب زیر ۴۰ درجه بشویید، ترجیحا از پودر صابون جهت شست‌ و شو استفاده کنید,7|1|0,هودی,8|1|0,4.5,8,8,instock,<img src='https://artshirt.ir/wp-content/uploads/sizechart/TS-Size-Chart.jpg' style='display: block;margin-left: auto;margin-right: auto;'/>,<ul><li><span style='font-size: 12px; color: #808080;'>جنس ۱۰۰ درصد نخ پنبه</span></li><li><span style='font-size: 12px; color: #808080;'>چاپ دیجیتال با دوام با استفاده از تکنولوژی مدرن DTG</span></li></ul>
ART-0743-HD,ART-0743-HD,نیروانا ۳ (Nirvana),publish,product,product,variable,موزیک باز>ژانرهای موسیقی>آلترناتیو,#آلترناتیو|#نیروانا|#Nirvana,120000,,120000,no,instock,ART-0743-HD-color8.jpg|ART-0743-HD-color2.jpg|ART-0743-HD-color5.jpg|ART-0743-HD-color9.jpg|ART-0743-HD-color10.jpg|ART-0743-TS-color1.jpg|ART-0743-TS-color1-men.jpg|ART-0743-TS-color1-women.jpg|ART-0743-TS-color2.jpg|ART-0743-TS-color2-men.jpg|ART-0743-TS-color2-women.jpg|ART-0743-TS-color3.jpg|ART-0743-TS-color3-men.jpg|ART-0743-TS-color3-women.jpg|ART-0743-TS-color4.jpg|ART-0743-TS-color4-men.jpg|ART-0743-TS-color4-women.jpg|ART-0743-TS-color5.jpg|ART-0743-TS-color5-men.jpg|ART-0743-TS-color5-women.jpg|ART-0743-TS-color6.jpg|ART-0743-TS-color6-men.jpg|ART-0743-TS-color6-women.jpg|ART-0743-TS-color7.jpg|ART-0743-TS-color7-men.jpg|ART-0743-TS-color7-women.jpg,تیشرت|هودی,هودی,1|1|1,خانم‌ها|آقایان,خانم‌ها,2|1|1,ملانژ|مشکی|زرشکی|نارنجی|سرمه‌ای|سفید|خاکستری|آبی|زرد|سبز خاکی,ملانژ,3|1|1,M|L|XL|2XL|3XL,L,4|1|1,۱۰۰ درصد نخ پنبه,5|1|0,چاپ دیجیتال با دوام جوهرافشان با استفاده از تکنولوژی مدرن DTG,6|1|0,جهت شست و شو لباس را پشت و رو کرده و با آب زیر ۴۰ درجه بشویید، ترجیحا از پودر صابون جهت شست‌ و شو استفاده کنید,7|1|0,هودی,8|1|0,4.0,10,10,instock,<img src='https://artshirt.ir/wp-content/uploads/sizechart/TS-Size-Chart.jpg' style='display: block;margin-left: auto;margin-right: auto;'/>,<ul><li><span style='font-size: 12px; color: #808080;'>جنس ۱۰۰ درصد نخ پنبه</span></li><li><span style='font-size: 12px; color: #808080;'>چاپ دیجیتال با دوام با استفاده از تکنولوژی مدرن DTG</span></li></ul>
ART-0744-HD,ART-0744-HD,پینک فلوید ۹ (Pink Floyd),publish,product,product,variable,موزیک باز>ژانرهای موسیقی>راک,#راک|#پینک_فلوید|#Pink_Floyd,120000,,120000,no,instock,ART-0744-HD-color9.jpg|ART-0744-HD-color8.jpg|ART-0744-HD-color2.jpg|ART-0744-HD-color5.jpg|ART-0744-HD-color10.jpg|ART-0744-TS-color1.jpg|ART-0744-TS-color1-men.jpg|ART-0744-TS-color1-women.jpg|ART-0744-TS-color2.jpg|ART-0744-TS-color2-men.jpg|ART-0744-TS-color2-women.jpg|ART-0744-TS-color3.jpg|ART-0744-TS-color3-men.jpg|ART-0744-TS-color3-women.jpg|ART-0744-TS-color4.jpg|ART-0744-TS-color4-men.jpg|ART-0744-TS-color4-women.jpg|ART-0744-TS-color5.jpg|ART-0744-TS-color5-men.jpg|ART-0744-TS-color5-women.jpg|ART-0744-TS-color6.jpg|ART-0744-TS-color6-men.jpg|ART-0744-TS-color6-women.jpg|ART-0744-TS-color7.jpg|ART-0744-TS-color7-men.jpg|ART-0744-TS-color7-women.jpg,تیشرت|هودی,هودی,1|1|1,خانم‌ها|آقایان,خانم‌ها,2|1|1,ملانژ|مشکی|زرشکی|نارنجی|سرمه‌ای|سفید|خاکستری|آبی|زرد|سبز خاکی,نارنجی,3|1|1,M|L|XL|2XL|3XL,L,4|1|1,۱۰۰ درصد نخ پنبه,5|1|0,چاپ دیجیتال با دوام جوهرافشان با استفاده از تکنولوژی مدرن DTG,6|1|0,جهت شست و شو لباس را پشت و رو کرده و با آب زیر ۴۰ درجه بشویید، ترجیحا از پودر صابون جهت شست‌ و شو استفاده کنید,7|1|0,هودی,8|1|0,4.2,4,4,instock,<img src='https://artshirt.ir/wp-content/uploads/sizechart/TS-Size-Chart.jpg' style='display: block;margin-left: auto;margin-right: auto;'/>,<ul><li><span style='font-size: 12px; color: #808080;'>جنس ۱۰۰ درصد نخ پنبه</span></li><li><span style='font-size: 12px; color: #808080;'>چاپ دیجیتال با دوام با استفاده از تکنولوژی مدرن DTG</span></li></ul>
ART-0746-HD,ART-0746-HD,آس آتشین ۱,publish,product,product,variable,ورزش و بازی>پوکر,#ورق,120000,,120000,no,instock,ART-0746-HD-color2.jpg|ART-0746-HD-color8.jpg|ART-0746-HD-color5.jpg|ART-0746-HD-color9.jpg|ART-0746-HD-color10.jpg|ART-0746-TS-color1.jpg|ART-0746-TS-color1-men.jpg|ART-0746-TS-color1-women.jpg|ART-0746-TS-color2.jpg|ART-0746-TS-color2-men.jpg|ART-0746-TS-color2-women.jpg|ART-0746-TS-color3.jpg|ART-0746-TS-color3-men.jpg|ART-0746-TS-color3-women.jpg|ART-0746-TS-color4.jpg|ART-0746-TS-color4-men.jpg|ART-0746-TS-color4-women.jpg|ART-0746-TS-color5.jpg|ART-0746-TS-color5-men.jpg|ART-0746-TS-color5-women.jpg|ART-0746-TS-color6.jpg|ART-0746-TS-color6-men.jpg|ART-0746-TS-color6-women.jpg|ART-0746-TS-color7.jpg|ART-0746-TS-color7-men.jpg|ART-0746-TS-color7-women.jpg,تیشرت|هودی,هودی,1|1|1,خانم‌ها|آقایان,آقایان,2|1|1,ملانژ|مشکی|زرشکی|نارنجی|سرمه‌ای|سفید|خاکستری|آبی|زرد|سبز خاکی,مشکی,3|1|1,M|L|XL|2XL|3XL,L,4|1|1,۱۰۰ درصد نخ پنبه,5|1|0,چاپ دیجیتال با دوام جوهرافشان با استفاده از تکنولوژی مدرن DTG,6|1|0,جهت شست و شو لباس را پشت و رو کرده و با آب زیر ۴۰ درجه بشویید، ترجیحا از پودر صابون جهت شست‌ و شو استفاده کنید,7|1|0,هودی,8|1|0,5.0,10,10,instock,<img src='https://artshirt.ir/wp-content/uploads/sizechart/TS-Size-Chart.jpg' style='display: block;margin-left: auto;margin-right: auto;'/>,<ul><li><span style='font-size: 12px; color: #808080;'>جنس ۱۰۰ درصد نخ پنبه</span></li><li><span style='font-size: 12px; color: #808080;'>چاپ دیجیتال با دوام با استفاده از تکنولوژی مدرن DTG</span></li></ul>
ART-0747-HD,ART-0747-HD,دست مرگ,publish,product,product,variable,ورزش و بازی>پوکر,#اسلحه|#چیپ|#ورق,120000,,120000,no,instock,ART-0747-HD-color9.jpg|ART-0747-HD-color8.jpg|ART-0747-HD-color2.jpg|ART-0747-HD-color5.jpg|ART-0747-HD-color10.jpg|ART-0747-TS-color1.jpg|ART-0747-TS-color1-men.jpg|ART-0747-TS-color1-women.jpg|ART-0747-TS-color2.jpg|ART-0747-TS-color2-men.jpg|ART-0747-TS-color2-women.jpg|ART-0747-TS-color3.jpg|ART-0747-TS-color3-men.jpg|ART-0747-TS-color3-women.jpg|ART-0747-TS-color4.jpg|ART-0747-TS-color4-men.jpg|ART-0747-TS-color4-women.jpg|ART-0747-TS-color5.jpg|ART-0747-TS-color5-men.jpg|ART-0747-TS-color5-women.jpg|ART-0747-TS-color6.jpg|ART-0747-TS-color6-men.jpg|ART-0747-TS-color6-women.jpg|ART-0747-TS-color7.jpg|ART-0747-TS-color7-men.jpg|ART-0747-TS-color7-women.jpg,تیشرت|هودی,هودی,1|1|1,خانم‌ها|آقایان,آقایان,2|1|1,ملانژ|مشکی|زرشکی|نارنجی|سرمه‌ای|سفید|خاکستری|آبی|زرد|سبز خاکی,نارنجی,3|1|1,M|L|XL|2XL|3XL,L,4|1|1,۱۰۰ درصد نخ پنبه,5|1|0,چاپ دیجیتال با دوام جوهرافشان با استفاده از تکنولوژی مدرن DTG,6|1|0,جهت شست و شو لباس را پشت و رو کرده و با آب زیر ۴۰ درجه بشویید، ترجیحا از پودر صابون جهت شست‌ و شو استفاده کنید,7|1|0,هودی,8|1|0,4.2,9,9,instock,<img src='https://artshirt.ir/wp-content/uploads/sizechart/TS-Size-Chart.jpg' style='display: block;margin-left: auto;margin-right: auto;'/>,<ul><li><span style='font-size: 12px; color: #808080;'>جنس ۱۰۰ درصد نخ پنبه</span></li><li><span style='font-size: 12px; color: #808080;'>چاپ دیجیتال با دوام با استفاده از تکنولوژی مدرن DTG</span></li></ul>
ART-0748-HD,ART-0748-HD,سرباز شطرنج,publish,product,product,variable,ورزش و بازی>غیره,#شطرنج,120000,,120000,no,instock,ART-0748-HD-color5.jpg|ART-0748-HD-color8.jpg|ART-0748-HD-color2.jpg|ART-0748-HD-color9.jpg|ART-0748-HD-color10.jpg|ART-0748-TS-color1.jpg|ART-0748-TS-color1-men.jpg|ART-0748-TS-color1-women.jpg|ART-0748-TS-color2.jpg|ART-0748-TS-color2-men.jpg|ART-0748-TS-color2-women.jpg|ART-0748-TS-color3.jpg|ART-0748-TS-color3-men.jpg|ART-0748-TS-color3-women.jpg|ART-0748-TS-color4.jpg|ART-0748-TS-color4-men.jpg|ART-0748-TS-color4-women.jpg|ART-0748-TS-color5.jpg|ART-0748-TS-color5-men.jpg|ART-0748-TS-color5-women.jpg|ART-0748-TS-color6.jpg|ART-0748-TS-color6-men.jpg|ART-0748-TS-color6-women.jpg|ART-0748-TS-color7.jpg|ART-0748-TS-color7-men.jpg|ART-0748-TS-color7-women.jpg,تیشرت|هودی,هودی,1|1|1,خانم‌ها|آقایان,خانم‌ها,2|1|1,ملانژ|مشکی|زرشکی|نارنجی|سرمه‌ای|سفید|خاکستری|آبی|زرد|سبز خاکی,زرشکی,3|1|1,M|L|XL|2XL|3XL,L,4|1|1,۱۰۰ درصد نخ پنبه,5|1|0,چاپ دیجیتال با دوام جوهرافشان با استفاده از تکنولوژی مدرن DTG,6|1|0,جهت شست و شو لباس را پشت و رو کرده و با آب زیر ۴۰ درجه بشویید، ترجیحا از پودر صابون جهت شست‌ و شو استفاده کنید,7|1|0,هودی,8|1|0,4.9,4,4,instock,<img src='https://artshirt.ir/wp-content/uploads/sizechart/TS-Size-Chart.jpg' style='display: block;margin-left: auto;margin-right: auto;'/>,<ul><li><span style='font-size: 12px; color: #808080;'>جنس ۱۰۰ درصد نخ پنبه</span></li><li><span style='font-size: 12px; color: #808080;'>چاپ دیجیتال با دوام با استفاده از تکنولوژی مدرن DTG</span></li></ul>
ART-0749-HD,ART-0749-HD,استراتژی Fast & Loose,publish,product,product,variable,ورزش و بازی>پوکر,#چیپ|#ورق,120000,,120000,no,instock,ART-0749-HD-color8.jpg|ART-0749-HD-color2.jpg|ART-0749-HD-color5.jpg|ART-0749-HD-color9.jpg|ART-0749-HD-color10.jpg|ART-0749-TS-color1.jpg|ART-0749-TS-color1-men.jpg|ART-0749-TS-color1-women.jpg|ART-0749-TS-color2.jpg|ART-0749-TS-color2-men.jpg|ART-0749-TS-color2-women.jpg|ART-0749-TS-color3.jpg|ART-0749-TS-color3-men.jpg|ART-0749-TS-color3-women.jpg|ART-0749-TS-color4.jpg|ART-0749-TS-color4-men.jpg|ART-0749-TS-color4-women.jpg|ART-0749-TS-color5.jpg|ART-0749-TS-color5-men.jpg|ART-0749-TS-color5-women.jpg|ART-0749-TS-color6.jpg|ART-0749-TS-color6-men.jpg|ART-0749-TS-color6-women.jpg|ART-0749-TS-color7.jpg|ART-0749-TS-color7-men.jpg|ART-0749-TS-color7-women.jpg,تیشرت|هودی,هودی,1|1|1,خانم‌ها|آقایان,خانم‌ها,2|1|1,ملانژ|مشکی|زرشکی|نارنجی|سرمه‌ای|سفید|خاکستری|آبی|زرد|سبز خاکی,ملانژ,3|1|1,M|L|XL|2XL|3XL,L,4|1|1,۱۰۰ درصد نخ پنبه,5|1|0,چاپ دیجیتال با دوام جوهرافشان با استفاده از تکنولوژی مدرن DTG,6|1|0,جهت شست و شو لباس را پشت و رو کرده و با آب زیر ۴۰ درجه بشویید، ترجیحا از پودر صابون جهت شست‌ و شو استفاده کنید,7|1|0,هودی,8|1|0,4.6,3,3,instock,<img src='https://artshirt.ir/wp-content/uploads/sizechart/TS-Size-Chart.jpg' style='display: block;margin-left: auto;margin-right: auto;'/>,<ul><li><span style='font-size: 12px; color: #808080;'>جنس ۱۰۰ درصد نخ پنبه</span></li><li><span style='font-size: 12px; color: #808080;'>چاپ دیجیتال با دوام با استفاده از تکنولوژی مدرن DTG</span></li></ul>
ART-0750-HD,ART-0750-HD,دست Dead Man A8,publish,product,product,variable,ورزش و بازی>پوکر,#اسلحه|#چیپ|#ورق,120000,,120000,no,instock,ART-0750-HD-color9.jpg|ART-0750-HD-color8.jpg|ART-0750-HD-color2.jpg|ART-0750-HD-color5.jpg|ART-0750-HD-color10.jpg|ART-0750-TS-color1.jpg|ART-0750-TS-color1-men.jpg|ART-0750-TS-color1-women.jpg|ART-0750-TS-color2.jpg|ART-0750-TS-color2-men.jpg|ART-0750-TS-color2-women.jpg|ART-0750-TS-color3.jpg|ART-0750-TS-color3-men.jpg|ART-0750-TS-color3-women.jpg|ART-0750-TS-color4.jpg|ART-0750-TS-color4-men.jpg|ART-0750-TS-color4-women.jpg|ART-0750-TS-color5.jpg|ART-0750-TS-color5-men.jpg|ART-0750-TS-color5-women.jpg|ART-0750-TS-color6.jpg|ART-0750-TS-color6-men.jpg|ART-0750-TS-color6-women.jpg|ART-0750-TS-color7.jpg|ART-0750-TS-color7-men.jpg|ART-0750-TS-color7-women.jpg,تیشرت|هودی,هودی,1|1|1,خانم‌ها|آقایان,آقایان,2|1|1,ملانژ|مشکی|زرشکی|نارنجی|سرمه‌ای|سفید|خاکستری|آبی|زرد|سبز خاکی,نارنجی,3|1|1,M|L|XL|2XL|3XL,L,4|1|1,۱۰۰ درصد نخ پنبه,5|1|0,چاپ دیجیتال با دوام جوهرافشان با استفاده از تکنولوژی مدرن DTG,6|1|0,جهت شست و شو لباس را پشت و رو کرده و با آب زیر ۴۰ درجه بشویید، ترجیحا از پودر صابون جهت شست‌ و شو استفاده کنید,7|1|0,هودی,8|1|0,4.4,6,6,instock,<img src='https://artshirt.ir/wp-content/uploads/sizechart/TS-Size-Chart.jpg' style='display: block;margin-left: auto;margin-right: auto;'/>,<ul><li><span style='font-size: 12px; color: #808080;'>جنس ۱۰۰ درصد نخ پنبه</span></li><li><span style='font-size: 12px; color: #808080;'>چاپ دیجیتال با دوام با استفاده از تکنولوژی مدرن DTG</span></li></ul>
ART-0751-HD,ART-0751-HD,Three of a Kind,publish,product,product,variable,ورزش و بازی>پوکر,#چیپ|#ورق,120000,,120000,no,instock,ART-0751-HD-color10.jpg|ART-0751-HD-color8.jpg|ART-0751-HD-color2.jpg|ART-0751-HD-color5.jpg|ART-0751-HD-color9.jpg|ART-0751-TS-color1.jpg|ART-0751-TS-color1-men.jpg|ART-0751-TS-color1-women.jpg|ART-0751-TS-color2.jpg|ART-0751-TS-color2-men.jpg|ART-0751-TS-color2-women.jpg|ART-0751-TS-color3.jpg|ART-0751-TS-color3-men.jpg|ART-0751-TS-color3-women.jpg|ART-0751-TS-color4.jpg|ART-0751-TS-color4-men.jpg|ART-0751-TS-color4-women.jpg|ART-0751-TS-color5.jpg|ART-0751-TS-color5-men.jpg|ART-0751-TS-color5-women.jpg|ART-0751-TS-color6.jpg|ART-0751-TS-color6-men.jpg|ART-0751-TS-color6-women.jpg|ART-0751-TS-color7.jpg|ART-0751-TS-color7-men.jpg|ART-0751-TS-color7-women.jpg,تیشرت|هودی,هودی,1|1|1,خانم‌ها|آقایان,خانم‌ها,2|1|1,ملانژ|مشکی|زرشکی|نارنجی|سرمه‌ای|سفید|خاکستری|آبی|زرد|سبز خاکی,سرمه‌ای,3|1|1,M|L|XL|2XL|3XL,L,4|1|1,۱۰۰ درصد نخ پنبه,5|1|0,چاپ دیجیتال با دوام جوهرافشان با استفاده از تکنولوژی مدرن DTG,6|1|0,جهت شست و شو لباس را پشت و رو کرده و با آب زیر ۴۰ درجه بشویید، ترجیحا از پودر صابون جهت شست‌ و شو استفاده کنید,7|1|0,هودی,8|1|0,4.9,4,4,instock,<img src='https://artshirt.ir/wp-content/uploads/sizechart/TS-Size-Chart.jpg' style='display: block;margin-left: auto;margin-right: auto;'/>,<ul><li><span style='font-size: 12px; color: #808080;'>جنس ۱۰۰ درصد نخ پنبه</span></li><li><span style='font-size: 12px; color: #808080;'>چاپ دیجیتال با دوام با استفاده از تکنولوژی مدرن DTG</span></li></ul>
ART-0752-HD,ART-0752-HD,سیبیل آتشین,publish,product,product,variable,ورزش و بازی>گیمرهای گیک,#اسلحه,120000,,120000,no,instock,ART-0752-HD-color2.jpg|ART-0752-HD-color8.jpg|ART-0752-HD-color5.jpg|ART-0752-HD-color9.jpg|ART-0752-HD-color10.jpg|ART-0752-TS-color1.jpg|ART-0752-TS-color1-men.jpg|ART-0752-TS-color1-women.jpg|ART-0752-TS-color2.jpg|ART-0752-TS-color2-men.jpg|ART-0752-TS-color2-women.jpg|ART-0752-TS-color3.jpg|ART-0752-TS-color3-men.jpg|ART-0752-TS-color3-women.jpg|ART-0752-TS-color4.jpg|ART-0752-TS-color4-men.jpg|ART-0752-TS-color4-women.jpg|ART-0752-TS-color5.jpg|ART-0752-TS-color5-men.jpg|ART-0752-TS-color5-women.jpg|ART-0752-TS-color6.jpg|ART-0752-TS-color6-men.jpg|ART-0752-TS-color6-women.jpg|ART-0752-TS-color7.jpg|ART-0752-TS-color7-men.jpg|ART-0752-TS-color7-women.jpg,تیشرت|هودی,هودی,1|1|1,خانم‌ها|آقایان,آقایان,2|1|1,ملانژ|مشکی|زرشکی|نارنجی|سرمه‌ای|سفید|خاکستری|آبی|زرد|سبز خاکی,مشکی,3|1|1,M|L|XL|2XL|3XL,L,4|1|1,۱۰۰ درصد نخ پنبه,5|1|0,چاپ دیجیتال با دوام جوهرافشان با استفاده از تکنولوژی مدرن DTG,6|1|0,جهت شست و شو لباس را پشت و رو کرده و با آب زیر ۴۰ درجه بشویید، ترجیحا از پودر صابون جهت شست‌ و شو استفاده کنید,7|1|0,هودی,8|1|0,4.5,2,2,instock,<img src='https://artshirt.ir/wp-content/uploads/sizechart/TS-Size-Chart.jpg' style='display: block;margin-left: auto;margin-right: auto;'/>,<ul><li><span style='font-size: 12px; color: #808080;'>جنس ۱۰۰ درصد نخ پنبه</span></li><li><span style='font-size: 12px; color: #808080;'>چاپ دیجیتال با دوام با استفاده از تکنولوژی مدرن DTG</span></li></ul>
ART-0753-HD,ART-0753-HD,قانون اول پوکر,publish,product,product,variable,ورزش و بازی>پوکر,#چیپ|#ورق,120000,,120000,no,instock,ART-0753-HD-color10.jpg|ART-0753-HD-color8.jpg|ART-0753-HD-color2.jpg|ART-0753-HD-color5.jpg|ART-0753-HD-color9.jpg|ART-0753-TS-color1.jpg|ART-0753-TS-color1-men.jpg|ART-0753-TS-color1-women.jpg|ART-0753-TS-color2.jpg|ART-0753-TS-color2-men.jpg|ART-0753-TS-color2-women.jpg|ART-0753-TS-color3.jpg|ART-0753-TS-color3-men.jpg|ART-0753-TS-color3-women.jpg|ART-0753-TS-color4.jpg|ART-0753-TS-color4-men.jpg|ART-0753-TS-color4-women.jpg|ART-0753-TS-color5.jpg|ART-0753-TS-color5-men.jpg|ART-0753-TS-color5-women.jpg|ART-0753-TS-color6.jpg|ART-0753-TS-color6-men.jpg|ART-0753-TS-color6-women.jpg|ART-0753-TS-color7.jpg|ART-0753-TS-color7-men.jpg|ART-0753-TS-color7-women.jpg,تیشرت|هودی,هودی,1|1|1,خانم‌ها|آقایان,آقایان,2|1|1,ملانژ|مشکی|زرشکی|نارنجی|سرمه‌ای|سفید|خاکستری|آبی|زرد|سبز خاکی,سرمه‌ای,3|1|1,M|L|XL|2XL|3XL,L,4|1|1,۱۰۰ درصد نخ پنبه,5|1|0,چاپ دیجیتال با دوام جوهرافشان با استفاده از تکنولوژی مدرن DTG,6|1|0,جهت شست و شو لباس را پشت و رو کرده و با آب زیر ۴۰ درجه بشویید، ترجیحا از پودر صابون جهت شست‌ و شو استفاده کنید,7|1|0,هودی,8|1|0,4.1,10,10,instock,<img src='https://artshirt.ir/wp-content/uploads/sizechart/TS-Size-Chart.jpg' style='display: block;margin-left: auto;margin-right: auto;'/>,<ul><li><span style='font-size: 12px; color: #808080;'>جنس ۱۰۰ درصد نخ پنبه</span></li><li><span style='font-size: 12px; color: #808080;'>چاپ دیجیتال با دوام با استفاده از تکنولوژی مدرن DTG</span></li></ul>
ART-0754-HD,ART-0754-HD,رویال فلاش,publish,product,product,variable,ورزش و بازی>پوکر,#چیپ|#ورق,120000,,120000,no,instock,ART-0754-HD-color9.jpg|ART-0754-HD-color8.jpg|ART-0754-HD-color2.jpg|ART-0754-HD-color5.jpg|ART-0754-HD-color10.jpg|ART-0754-TS-color1.jpg|ART-0754-TS-color1-men.jpg|ART-0754-TS-color1-women.jpg|ART-0754-TS-color2.jpg|ART-0754-TS-color2-men.jpg|ART-0754-TS-color2-women.jpg|ART-0754-TS-color3.jpg|ART-0754-TS-color3-men.jpg|ART-0754-TS-color3-women.jpg|ART-0754-TS-color4.jpg|ART-0754-TS-color4-men.jpg|ART-0754-TS-color4-women.jpg|ART-0754-TS-color5.jpg|ART-0754-TS-color5-men.jpg|ART-0754-TS-color5-women.jpg|ART-0754-TS-color6.jpg|ART-0754-TS-color6-men.jpg|ART-0754-TS-color6-women.jpg|ART-0754-TS-color7.jpg|ART-0754-TS-color7-men.jpg|ART-0754-TS-color7-women.jpg,تیشرت|هودی,هودی,1|1|1,خانم‌ها|آقایان,خانم‌ها,2|1|1,ملانژ|مشکی|زرشکی|نارنجی|سرمه‌ای|سفید|خاکستری|آبی|زرد|سبز خاکی,نارنجی,3|1|1,M|L|XL|2XL|3XL,L,4|1|1,۱۰۰ درصد نخ پنبه,5|1|0,چاپ دیجیتال با دوام جوهرافشان با استفاده از تکنولوژی مدرن DTG,6|1|0,جهت شست و شو لباس را پشت و رو کرده و با آب زیر ۴۰ درجه بشویید، ترجیحا از پودر صابون جهت شست‌ و شو استفاده کنید,7|1|0,هودی,8|1|0,4.0,3,3,instock,<img src='https://artshirt.ir/wp-content/uploads/sizechart/TS-Size-Chart.jpg' style='display: block;margin-left: auto;margin-right: auto;'/>,<ul><li><span style='font-size: 12px; color: #808080;'>جنس ۱۰۰ درصد نخ پنبه</span></li><li><span style='font-size: 12px; color: #808080;'>چاپ دیجیتال با دوام با استفاده از تکنولوژی مدرن DTG</span></li></ul>
ART-0755-HD,ART-0755-HD,آس آتشین ۲,publish,product,product,variable,ورزش و بازی>پوکر,#ورق,120000,,120000,no,instock,ART-0755-HD-color5.jpg|ART-0755-HD-color8.jpg|ART-0755-HD-color2.jpg|ART-0755-HD-color9.jpg|ART-0755-HD-color10.jpg|ART-0755-TS-color1.jpg|ART-0755-TS-color1-men.jpg|ART-0755-TS-color1-women.jpg|ART-0755-TS-color2.jpg|ART-0755-TS-color2-men.jpg|ART-0755-TS-color2-women.jpg|ART-0755-TS-color3.jpg|ART-0755-TS-color3-men.jpg|ART-0755-TS-color3-women.jpg|ART-0755-TS-color4.jpg|ART-0755-TS-color4-men.jpg|ART-0755-TS-color4-women.jpg|ART-0755-TS-color5.jpg|ART-0755-TS-color5-men.jpg|ART-0755-TS-color5-women.jpg|ART-0755-TS-color6.jpg|ART-0755-TS-color6-men.jpg|ART-0755-TS-color6-women.jpg|ART-0755-TS-color7.jpg|ART-0755-TS-color7-men.jpg|ART-0755-TS-color7-women.jpg,تیشرت|هودی,هودی,1|1|1,خانم‌ها|آقایان,خانم‌ها,2|1|1,ملانژ|مشکی|زرشکی|نارنجی|سرمه‌ای|سفید|خاکستری|آبی|زرد|سبز خاکی,زرشکی,3|1|1,M|L|XL|2XL|3XL,L,4|1|1,۱۰۰ درصد نخ پنبه,5|1|0,چاپ دیجیتال با دوام جوهرافشان با استفاده از تکنولوژی مدرن DTG,6|1|0,جهت شست و شو لباس را پشت و رو کرده و با آب زیر ۴۰ درجه بشویید، ترجیحا از پودر صابون جهت شست‌ و شو استفاده کنید,7|1|0,هودی,8|1|0,4.8,9,9,instock,<img src='https://artshirt.ir/wp-content/uploads/sizechart/TS-Size-Chart.jpg' style='display: block;margin-left: auto;margin-right: auto;'/>,<ul><li><span style='font-size: 12px; color: #808080;'>جنس ۱۰۰ درصد نخ پنبه</span></li><li><span style='font-size: 12px; color: #808080;'>چاپ دیجیتال با دوام با استفاده از تکنولوژی مدرن DTG</span></li></ul>
ART-0756-HD,ART-0756-HD,چهار عمل اصلی گیمرها,publish,product,product,variable,ورزش و بازی>گیمرهای گیک,#گیمینگ,120000,,120000,no,instock,ART-0756-HD-color5.jpg|ART-0756-HD-color8.jpg|ART-0756-HD-color2.jpg|ART-0756-HD-color9.jpg|ART-0756-HD-color10.jpg|ART-0756-TS-color1.jpg|ART-0756-TS-color1-men.jpg|ART-0756-TS-color1-women.jpg|ART-0756-TS-color2.jpg|ART-0756-TS-color2-men.jpg|ART-0756-TS-color2-women.jpg|ART-0756-TS-color3.jpg|ART-0756-TS-color3-men.jpg|ART-0756-TS-color3-women.jpg|ART-0756-TS-color4.jpg|ART-0756-TS-color4-men.jpg|ART-0756-TS-color4-women.jpg|ART-0756-TS-color5.jpg|ART-0756-TS-color5-men.jpg|ART-0756-TS-color5-women.jpg|ART-0756-TS-color6.jpg|ART-0756-TS-color6-men.jpg|ART-0756-TS-color6-women.jpg|ART-0756-TS-color7.jpg|ART-0756-TS-color7-men.jpg|ART-0756-TS-color7-women.jpg,تیشرت|هودی,هودی,1|1|1,خانم‌ها|آقایان,آقایان,2|1|1,ملانژ|مشکی|زرشکی|نارنجی|سرمه‌ای|سفید|خاکستری|آبی|زرد|سبز خاکی,زرشکی,3|1|1,M|L|XL|2XL|3XL,L,4|1|1,۱۰۰ درصد نخ پنبه,5|1|0,چاپ دیجیتال با دوام جوهرافشان با استفاده از تکنولوژی مدرن DTG,6|1|0,جهت شست و شو لباس را پشت و رو کرده و با آب زیر ۴۰ درجه بشویید، ترجیحا از پودر صابون جهت شست‌ و شو استفاده کنید,7|1|0,هودی,8|1|0,4.5,9,9,instock,<img src='https://artshirt.ir/wp-content/uploads/sizechart/TS-Size-Chart.jpg' style='display: block;margin-left: auto;margin-right: auto;'/>,<ul><li><span style='font-size: 12px; color: #808080;'>جنس ۱۰۰ درصد نخ پنبه</span></li><li><span style='font-size: 12px; color: #808080;'>چاپ دیجیتال با دوام با استفاده از تکنولوژی مدرن DTG</span></li></ul>
ART-0757-HD,ART-0757-HD,تیم یوتا ۲ (Utah Jazz),publish,product,product,variable,ورزش و بازی>بسکتبال,#NBA,120000,,120000,no,instock,ART-0757-HD-color9.jpg|ART-0757-HD-color8.jpg|ART-0757-HD-color2.jpg|ART-0757-HD-color5.jpg|ART-0757-HD-color10.jpg|ART-0757-TS-color1.jpg|ART-0757-TS-color1-men.jpg|ART-0757-TS-color1-women.jpg|ART-0757-TS-color2.jpg|ART-0757-TS-color2-men.jpg|ART-0757-TS-color2-women.jpg|ART-0757-TS-color3.jpg|ART-0757-TS-color3-men.jpg|ART-0757-TS-color3-women.jpg|ART-0757-TS-color4.jpg|ART-0757-TS-color4-men.jpg|ART-0757-TS-color4-women.jpg|ART-0757-TS-color5.jpg|ART-0757-TS-color5-men.jpg|ART-0757-TS-color5-women.jpg|ART-0757-TS-color6.jpg|ART-0757-TS-color6-men.jpg|ART-0757-TS-color6-women.jpg|ART-0757-TS-color7.jpg|ART-0757-TS-color7-men.jpg|ART-0757-TS-color7-women.jpg,تیشرت|هودی,هودی,1|1|1,خانم‌ها|آقایان,خانم‌ها,2|1|1,ملانژ|مشکی|زرشکی|نارنجی|سرمه‌ای|سفید|خاکستری|آبی|زرد|سبز خاکی,نارنجی,3|1|1,M|L|XL|2XL|3XL,L,4|1|1,۱۰۰ درصد نخ پنبه,5|1|0,چاپ دیجیتال با دوام جوهرافشان با استفاده از تکنولوژی مدرن DTG,6|1|0,جهت شست و شو لباس را پشت و رو کرده و با آب زیر ۴۰ درجه بشویید، ترجیحا از پودر صابون جهت شست‌ و شو استفاده کنید,7|1|0,هودی,8|1|0,4.9,7,7,instock,<img src='https://artshirt.ir/wp-content/uploads/sizechart/TS-Size-Chart.jpg' style='display: block;margin-left: auto;margin-right: auto;'/>,<ul><li><span style='font-size: 12px; color: #808080;'>جنس ۱۰۰ درصد نخ پنبه</span></li><li><span style='font-size: 12px; color: #808080;'>چاپ دیجیتال با دوام با استفاده از تکنولوژی مدرن DTG</span></li></ul>
